respondent_id,covid_vaccine
4757,0.17531855
4758,0.17256415
4759,0.18876891
4760,0.2853434
4761,0.043624055
4762,0.6691381
4763,0.42317998
4764,0.7524834
4765,0.87353647
4766,0.2087605
4767,0.10683805
4768,0.94197565
4769,0.7192246
4770,0.15641457
4771,0.1416052
4772,0.23636775
4773,0.053854384
4774,0.14928292
4775,0.38256356
4776,0.2959078
4777,0.12993984
4778,0.24317603
4779,0.16503191
4780,0.95766103
4781,0.027919658
4782,0.056940503
4783,0.35519513
4784,0.11246247
4785,0.09578426
4786,0.821981
4787,0.16570689
4788,0.042467073
4789,0.34865046
4790,0.90720874
4791,0.098125294
4792,0.033226542
4793,0.28831846
4794,0.91540587
4795,0.054508734
4796,0.04065229
4797,0.24051881
4798,0.78502476
4799,0.1578775
4800,0.032317262
4801,0.08198444
4802,0.1386244
4803,0.027698077
4804,0.38928965
4805,0.063065425
4806,0.11294581
4807,0.033354815
4808,0.22563657
4809,0.20329082
4810,0.6252407
4811,0.49727678
4812,0.048133373
4813,0.10447898
4814,0.31477448
4815,0.1287901
4816,0.5290761
4817,0.19552709
4818,0.041708805
4819,0.14593807
4820,0.5531976
4821,0.8012285
4822,0.45559865
4823,0.60749006
4824,0.33375618
4825,0.06808072
4826,0.09387675
4827,0.6364683
4828,0.027786216
4829,0.91273093
4830,0.31549656
4831,0.100057304
4832,0.2479627
4833,0.053660594
4834,0.663242
4835,0.8167904
4836,0.13018611
4837,0.4131677
4838,0.19837464
4839,0.056876995
4840,0.29920027
4841,0.49854982
4842,0.5800487
4843,0.02250546
4844,0.10798487
4845,0.05018999
4846,0.092791066
4847,0.049618807
4848,0.07820398
4849,0.36952344
4850,0.04888394
4851,0.1493636
4852,0.1472269
4853,0.114451244
4854,0.7089838
4855,0.62689656
4856,0.26715106
4857,0.07624392
4858,0.72332597
4859,0.18715443
4860,0.075315244
4861,0.017094841
4862,0.18814164
4863,0.1294219
4864,0.048098244
4865,0.25880966
4866,0.31677926
4867,0.12917373
4868,0.043025196
4869,0.1268816
4870,0.03602224
4871,0.17824396
4872,0.0999478
4873,0.06345494
4874,0.047386114
4875,0.2819553
4876,0.030701753
4877,0.084970236
4878,0.69273597
4879,0.40300745
4880,0.043727428
4881,0.6959916
4882,0.21416277
4883,0.077081546
4884,0.030951729
4885,0.2723241
4886,0.043523207
4887,0.58052534
4888,0.40830967
4889,0.033941396
4890,0.04115888
4891,0.14402816
4892,0.11540681
4893,0.061645504
4894,0.8381193
4895,0.08752716
4896,0.69209874
4897,0.95270085
4898,0.38561457
4899,0.24690741
4900,0.03725842
4901,0.14238223
4902,0.31310183
4903,0.097128816
4904,0.9399618
4905,0.14073962
4906,0.0712892
4907,0.77318615
4908,0.6289315
4909,0.3378521
4910,0.22827566
4911,0.24361153
4912,0.03990333
4913,0.79970574
4914,0.051620297
4915,0.84269965
4916,0.10504499
4917,0.03774371
4918,0.10398968
4919,0.038865626
4920,0.39617762
4921,0.40525702
4922,0.12196047
4923,0.37130737
4924,0.100021966
4925,0.05745899
4926,0.054556567
4927,0.16818869
4928,0.11216687
4929,0.7128939
4930,0.13253738
4931,0.49695757
4932,0.083839096
4933,0.80902016
4934,0.05547489
4935,0.14617312
4936,0.12935321
4937,0.08719629
4938,0.931273
4939,0.052686013
4940,0.36131454
4941,0.6331343
4942,0.75282913
4943,0.38608032
4944,0.08972537
4945,0.9259367
4946,0.35882854
4947,0.7985056
4948,0.08479617
4949,0.19469817
4950,0.2886077
4951,0.14681809
4952,0.18566832
4953,0.16731167
4954,0.45954385
4955,0.10723451
4956,0.113642596
4957,0.9218821
4958,0.23270176
4959,0.034014933
4960,0.30885014
4961,0.6854046
4962,0.26152152
4963,0.2521099
4964,0.6811746
4965,0.35409525
4966,0.07380321
4967,0.01583118
4968,0.4091273
4969,0.53556824
4970,0.33593887
4971,0.91057664
4972,0.5513093
4973,0.29353297
4974,0.07645694
4975,0.065386824
4976,0.72637415
4977,0.01823757
4978,0.9323005
4979,0.31134754
4980,0.0895624
4981,0.16338912
4982,0.28014967
4983,0.06773088
4984,0.25733757
4985,0.2756054
4986,0.28703046
4987,0.26565713
4988,0.93218035
4989,0.062133037
4990,0.06606362
4991,0.14911157
4992,0.062036842
4993,0.64503163
4994,0.3242609
4995,0.2199901
4996,0.18136746
4997,0.5551232
4998,0.23224455
4999,0.40534523
5000,0.11211738
5001,0.19099638
5002,0.050000988
5003,0.5135765
5004,0.892817
5005,0.26880985
5006,0.04795681
5007,0.752112
5008,0.05758383
5009,0.058667425
5010,0.037621453
5011,0.3393047
5012,0.116050124
5013,0.101104245
5014,0.03780543
5015,0.016715256
5016,0.061481893
5017,0.48963976
5018,0.9118179
5019,0.052208263
5020,0.15294759
5021,0.42476276
5022,0.83335435
5023,0.77305907
5024,0.10246534
5025,0.089861
5026,0.10261219
5027,0.25470257
5028,0.041287728
5029,0.022566129
5030,0.7369719
5031,0.25135264
5032,0.19631268
5033,0.09317085
5034,0.83330184
5035,0.05759503
5036,0.068220705
5037,0.3554327
5038,0.25698775
5039,0.15062976
5040,0.57803404
5041,0.076241285
5042,0.48141465
5043,0.91488063
5044,0.7935355
5045,0.19586772
5046,0.35651758
5047,0.20517601
5048,0.09479145
5049,0.16668026
5050,0.15661171
5051,0.6637538
5052,0.8474917
5053,0.031392295
5054,0.089821264
5055,0.22820862
5056,0.12950757
5057,0.118211985
5058,0.25063363
5059,0.80573314
5060,0.29502928
5061,0.09112539
5062,0.0696959
5063,0.04405213
5064,0.10544354
5065,0.010635308
5066,0.6877209
5067,0.8518816
5068,0.07428065
5069,0.18774176
5070,0.2679198
5071,0.4394684
5072,0.7105287
5073,0.03923178
5074,0.8993395
5075,0.8994291
5076,0.21737939
5077,0.21699516
5078,0.041484907
5079,0.9177081
5080,0.042966817
5081,0.16831024
5082,0.060559507
5083,0.8523221
5084,0.72053146
5085,0.17794625
5086,0.41839904
5087,0.049358986
5088,0.37902552
5089,0.6921056
5090,0.04980429
5091,0.03546022
5092,0.13101491
5093,0.117754854
5094,0.5005288
5095,0.10695779
5096,0.13276139
5097,0.07345724
5098,0.873992
5099,0.072053775
5100,0.13660038
5101,0.09028179
5102,0.50643325
5103,0.0386839
5104,0.032092128
5105,0.11644347
5106,0.27073562
5107,0.72986764
5108,0.30072814
5109,0.2809564
5110,0.681318
5111,0.27622604
5112,0.28982967
5113,0.78150755
5114,0.083650395
5115,0.16128378
5116,0.1764431
5117,0.10380335
5118,0.30233702
5119,0.32521784
5120,0.31998158
5121,0.53081983
5122,0.11526698
5123,0.37372237
5124,0.06571208
5125,0.049752332
5126,0.06160647
5127,0.45315266
5128,0.17054667
5129,0.081626944
5130,0.55864966
5131,0.33714134
5132,0.0058284383
5133,0.24229689
5134,0.044889927
5135,0.3186875
5136,0.3383194
5137,0.77078974
5138,0.6757524
5139,0.8690426
5140,0.92754906
5141,0.59181964
5142,0.28220284
5143,0.028840194
5144,0.14725593
5145,0.51483047
5146,0.04159635
5147,0.095630474
5148,0.13150218
5149,0.8228687
5150,0.08558344
5151,0.6028434
5152,0.7943554
5153,0.15211165
5154,0.80109704
5155,0.44419903
5156,0.9644986
5157,0.0066530425
5158,0.3899936
5159,0.4104106
5160,0.9360019
5161,0.10831807
5162,0.773335
5163,0.28430867
5164,0.55135185
5165,0.85423183
5166,0.03620577
5167,0.017842136
5168,0.39403746
5169,0.087156825
5170,0.6217337
5171,0.13027693
5172,0.50469667
5173,0.108947106
5174,0.65448904
5175,0.44755578
5176,0.31177503
5177,0.6627319
5178,0.37805295
5179,0.5160883
5180,0.18178862
5181,0.027264971
5182,0.5697429
5183,0.12122347
5184,0.04102832
5185,0.11786367
5186,0.9365958
5187,0.3948147
5188,0.2462416
5189,0.13065724
5190,0.16779624
5191,0.20420574
5192,0.36693195
5193,0.86738276
5194,0.15079314
5195,0.15354106
5196,0.05573913
5197,0.05821597
5198,0.098436795
5199,0.040905762
5200,0.09227074
5201,0.077067964
5202,0.89765966
5203,0.2502961
5204,0.3059596
5205,0.06334828
5206,0.037137605
5207,0.055335373
5208,0.10692735
5209,0.18797992
5210,0.29916117
5211,0.043031402
5212,0.24878246
5213,0.18342118
5214,0.14627719
5215,0.5107933
5216,0.049442217
5217,0.093925714
5218,0.7311077
5219,0.101475395
5220,0.8503583
5221,0.25296488
5222,0.9042899
5223,0.054284614
5224,0.26836354
5225,0.15673187
5226,0.8334938
5227,0.30882713
5228,0.10221584
5229,0.25371584
5230,0.875731
5231,0.3236288
5232,0.33270615
5233,0.08158889
5234,0.26622498
5235,0.06169958
5236,0.11596089
5237,0.055847224
5238,0.7476725
5239,0.040396295
5240,0.9283987
5241,0.007802297
5242,0.47936448
5243,0.5611748
5244,0.5009497
5245,0.07257986
5246,0.91908306
5247,0.13725908
5248,0.048473302
5249,0.07259759
5250,0.5702161
5251,0.7981357
5252,0.8954371
5253,0.09762887
5254,0.62969065
5255,0.4262783
5256,0.3653196
5257,0.16571042
5258,0.78195804
5259,0.23214138
5260,0.83562726
5261,0.23068045
5262,0.1505455
5263,0.70762366
5264,0.20778407
5265,0.9286747
5266,0.22645982
5267,0.115888685
5268,0.51639503
5269,0.051939152
5270,0.35093477
5271,0.086786754
5272,0.0978014
5273,0.10398872
5274,0.099311985
5275,0.24641514
5276,0.8667715
5277,0.37468386
5278,0.1843166
5279,0.17289709
5280,0.8787413
5281,0.7832157
5282,0.010438258
5283,0.21555267
5284,0.019159297
5285,0.20163338
5286,0.06603319
5287,0.9383761
5288,0.02494996
5289,0.06056153
5290,0.01162033
5291,0.819047
5292,0.19341101
5293,0.22199231
5294,0.068838194
5295,0.11925147
5296,0.9354631
5297,0.67632484
5298,0.72356594
5299,0.07429201
5300,0.12606794
5301,0.077884145
5302,0.36320275
5303,0.13215901
5304,0.25698
5305,0.08976876
5306,0.19106993
5307,0.6552207
5308,0.5965014
5309,0.72005194
5310,0.062082946
5311,0.13884553
5312,0.40201718
5313,0.03653432
5314,0.73492503
5315,0.054904394
5316,0.9443399
5317,0.022034705
5318,0.21074656
5319,0.112889774
5320,0.37536588
5321,0.25073516
5322,0.058248222
5323,0.15272819
5324,0.02672431
5325,0.87092185
5326,0.37186697
5327,0.066697426
5328,0.9012749
5329,0.8136614
5330,0.20695472
5331,0.67975384
5332,0.8662137
5333,0.10900142
5334,0.3188917
5335,0.20709069
5336,0.039082322
5337,0.9182641
5338,0.21900047
5339,0.09949646
5340,0.17143033
5341,0.027625095
5342,0.06883382
5343,0.16240783
5344,0.842272
5345,0.95620537
5346,0.85822016
5347,0.035135657
5348,0.03822499
5349,0.09537974
5350,0.4627947
5351,0.28926724
5352,0.17876911
5353,0.64525443
5354,0.33822212
5355,0.92759174
5356,0.3194786
5357,0.017171567
5358,0.13745724
5359,0.7599889
5360,0.06583329
5361,0.89751667
5362,0.019144343
5363,0.5344508
5364,0.07192095
5365,0.29100007
5366,0.7156837
5367,0.064685576
5368,0.38094026
5369,0.12640116
5370,0.14391412
5371,0.022238819
5372,0.10358026
5373,0.107633024
5374,0.12713091
5375,0.29255056
5376,0.6371902
5377,0.59195983
5378,0.7723967
5379,0.76606417
5380,0.095328346
5381,0.1831866
5382,0.0851728
5383,0.24815178
5384,0.08764626
5385,0.14155258
5386,0.059334297
5387,0.91616195
5388,0.34401527
5389,0.0294378
5390,0.11695375
5391,0.424663
5392,0.20540124
5393,0.32038
5394,0.14067316
5395,0.1904737
5396,0.2863622
5397,0.45770296
5398,0.33716363
5399,0.40416145
5400,0.9474017
5401,0.2853879
5402,0.40728262
5403,0.05732565
5404,0.30752483
5405,0.92322683
5406,0.78527063
5407,0.93930185
5408,0.90814424
5409,0.054898944
5410,0.07623203
5411,0.48732358
5412,0.3451782
5413,0.11204555
5414,0.16126741
5415,0.24344121
5416,0.05649931
5417,0.15019764
5418,0.2580915
5419,0.26478422
5420,0.21618395
5421,0.1515649
5422,0.13150738
5423,0.057816103
5424,0.38486794
5425,0.8580883
5426,0.055716414
5427,0.12514338
5428,0.8601682
5429,0.19815123
5430,0.5875188
5431,0.26816687
5432,0.3564205
5433,0.57339895
5434,0.6013377
5435,0.6749424
5436,0.24418084
5437,0.053419795
5438,0.12202029
5439,0.03523819
5440,0.9222068
5441,0.06759709
5442,0.055756047
5443,0.17132752
5444,0.4074625
5445,0.9028028
5446,0.76070523
5447,0.13980909
5448,0.60192746
5449,0.08515963
5450,0.42928365
5451,0.038983986
5452,0.7323496
5453,0.074217774
5454,0.29374644
5455,0.46179187
5456,0.35709187
5457,0.57167846
5458,0.14863282
5459,0.30229115
5460,0.6506761
5461,0.011549796
5462,0.5556772
5463,0.10386408
5464,0.009274653
5465,0.17086142
5466,0.07987811
5467,0.1480957
5468,0.41904315
5469,0.52378136
5470,0.07874065
5471,0.16024481
5472,0.17421272
5473,0.87035334
5474,0.081996724
5475,0.8549239
5476,0.06424792
5477,0.9033674
5478,0.0521127
5479,0.07647112
5480,0.48669705
5481,0.95075756
5482,0.36920604
5483,0.05644442
5484,0.023670096
5485,0.31987035
5486,0.020385612
5487,0.3814847
5488,0.11699804
5489,0.1518798
5490,0.64595836
5491,0.012031926
5492,0.34481612
5493,0.03464209
5494,0.41481826
5495,0.20738153
5496,0.8067513
5497,0.17030054
5498,0.40839937
5499,0.08965673
5500,0.05486152
5501,0.35766184
5502,0.6514936
5503,0.15913433
5504,0.651233
5505,0.04684959
5506,0.08121608
5507,0.076465584
5508,0.38324907
5509,0.21133113
5510,0.16418366
5511,0.7594435
5512,0.22963555
5513,0.342542
5514,0.09417809
5515,0.8462241
5516,0.16023491
5517,0.19259664
5518,0.83637345
5519,0.857311
5520,0.45015946
5521,0.67573273
5522,0.12850165
5523,0.08248551
5524,0.6596414
5525,0.27641016
5526,0.049216457
5527,0.020099733
5528,0.45335975
5529,0.46827817
5530,0.03562985
5531,0.1744238
5532,0.16746016
5533,0.78784305
5534,0.05546722
5535,0.34284994
5536,0.71720654
5537,0.032082636
5538,0.12105833
5539,0.13174117
5540,0.6415935
5541,0.02834934
5542,0.11978152
5543,0.8248956
5544,0.7209414
5545,0.30322543
5546,0.7367912
5547,0.12052613
5548,0.6191299
5549,0.18529491
5550,0.1207094
5551,0.18208091
5552,0.27537477
5553,0.2198509
5554,0.009018089
5555,0.27748454
5556,0.10743471
5557,0.7590083
5558,0.9045169
5559,0.2596046
5560,0.14825848
5561,0.6854347
5562,0.70913297
5563,0.41599226
5564,0.8378428
5565,0.27757967
5566,0.04498548
5567,0.7082895
5568,0.65957
5569,0.84544903
5570,0.59179324
5571,0.13288347
5572,0.1363762
5573,0.27957875
5574,0.095829785
5575,0.094253965
5576,0.042513195
5577,0.20815478
5578,0.36277226
5579,0.011050847
5580,0.46507758
5581,0.12385772
5582,0.4895226
5583,0.33304268
5584,0.088825
5585,0.5851581
5586,0.7833204
5587,0.27220187
5588,0.32200447
5589,0.026932498
5590,0.15385468
5591,0.054957483
5592,0.22224227
5593,0.057405658
5594,0.35685605
5595,0.91009283
5596,0.11226743
5597,0.3048531
5598,0.25399533
5599,0.17693663
5600,0.42660943
5601,0.12608425
5602,0.64464223
5603,0.07658445
5604,0.08584399
5605,0.16045094
5606,0.051398385
5607,0.8302476
5608,0.020152757
5609,0.921666
5610,0.012978618
5611,0.23584281
5612,0.21464275
5613,0.24872132
5614,0.046470895
5615,0.93605256
5616,0.835255
5617,0.9372697
5618,0.018938677
5619,0.48549342
5620,0.042289507
5621,0.49565172
5622,0.9066614
5623,0.3368968
5624,0.48411962
5625,0.45843172
5626,0.44774863
5627,0.7000085
5628,0.027338622
5629,0.25520268
5630,0.3404925
5631,0.050648555
5632,0.90840286
5633,0.35119808
5634,0.802833
5635,0.27382824
5636,0.0631696
5637,0.2516773
5638,0.35244355
5639,0.38638988
5640,0.15492022
5641,0.043898042
5642,0.6681139
5643,0.051414
5644,0.3070682
5645,0.1338781
5646,0.05137231
5647,0.14750327
5648,0.8397239
5649,0.048540834
5650,0.15282555
5651,0.90828854
5652,0.17434584
5653,0.3784987
5654,0.3258497
5655,0.033128466
5656,0.07426503
5657,0.07818653
5658,0.025812218
5659,0.14809044
5660,0.7636856
5661,0.35125992
5662,0.08739276
5663,0.21266307
5664,0.32584646
5665,0.74979985
5666,0.850125
5667,0.112920724
5668,0.7659467
5669,0.5422632
5670,0.47522134
5671,0.22948305
5672,0.8236786
5673,0.93194455
5674,0.03587113
5675,0.115291685
5676,0.62448746
5677,0.05906338
5678,0.8295629
5679,0.92502207
5680,0.043454003
5681,0.9210559
5682,0.075557604
5683,0.3585419
5684,0.23814246
5685,0.23477772
5686,0.6153947
5687,0.3362548
5688,0.032113228
5689,0.54682875
5690,0.111286476
5691,0.011702855
5692,0.7019352
5693,0.18016443
5694,0.5878869
5695,0.050238147
5696,0.09614822
5697,0.05538495
5698,0.12847784
5699,0.14851223
5700,0.2734581
5701,0.037267767
5702,0.043932717
5703,0.03257942
5704,0.5145633
5705,0.4297405
5706,0.9549316
5707,0.12020344
5708,0.24262893
5709,0.08134939
5710,0.6479895
5711,0.2540984
5712,0.64331174
5713,0.40592542
5714,0.55097175
5715,0.7019633
5716,0.039473016
5717,0.135962
5718,0.36931574
5719,0.13263492
5720,0.14018776
5721,0.112191565
5722,0.15459448
5723,0.11969229
5724,0.66461337
5725,0.104787484
5726,0.10682799
5727,0.28930718
5728,0.19768481
5729,0.8646944
5730,0.38311356
5731,0.1290069
5732,0.15108135
5733,0.07951423
5734,0.2293954
5735,0.83603776
5736,0.36469764
5737,0.9460874
5738,0.5136359
5739,0.11448254
5740,0.22723252
5741,0.37373334
5742,0.06370818
5743,0.11597856
5744,0.31622148
5745,0.06142
5746,0.32664865
5747,0.3866397
5748,0.025194101
5749,0.1798886
5750,0.044748116
5751,0.23597138
5752,0.78210604
5753,0.048349366
5754,0.75775826
5755,0.5400062
5756,0.18509279
5757,0.032279
5758,0.901729
5759,0.05541656
5760,0.020658754
5761,0.7216199
5762,0.28948742
5763,0.37064984
5764,0.8403967
5765,0.12391769
5766,0.48396072
5767,0.11738786
5768,0.29894304
5769,0.12173879
5770,0.17161557
5771,0.49059469
5772,0.86597365
5773,0.110261574
5774,0.05597768
5775,0.049933713
5776,0.4975007
5777,0.51459306
5778,0.54170895
5779,0.20480862
5780,0.24382664
5781,0.07548959
5782,0.15973796
5783,0.02186323
5784,0.08774407
5785,0.8945492
5786,0.5092448
5787,0.8446955
5788,0.3268374
5789,0.38655484
5790,0.04441133
5791,0.77338636
5792,0.7295888
5793,0.34421325
5794,0.9238307
5795,0.05413038
5796,0.6912441
5797,0.2437852
5798,0.06475528
5799,0.4945803
5800,0.611677
5801,0.06876083
5802,0.027094975
5803,0.91892457
5804,0.09256718
5805,0.7596339
5806,0.031652234
5807,0.8541727
5808,0.9173562
5809,0.36415148
5810,0.840768
5811,0.06212269
5812,0.18422586
5813,0.14453325
5814,0.18148752
5815,0.070013404
5816,0.33232138
5817,0.10303571
5818,0.07750247
5819,0.17588064
5820,0.22506955
5821,0.9431837
5822,0.0454566
5823,0.770309
5824,0.31214446
5825,0.3235405
5826,0.6861598
5827,0.20324908
5828,0.31564987
5829,0.10420454
5830,0.03170549
5831,0.10423754
5832,0.8937927
5833,0.19594283
5834,0.1847422
5835,0.8744302
5836,0.17141216
5837,0.16602936
5838,0.16391625
5839,0.55919284
5840,0.06152
5841,0.04246901
5842,0.929382
5843,0.24308103
5844,0.1234824
5845,0.9331168
5846,0.42650202
5847,0.10703236
5848,0.29307193
5849,0.074926935
5850,0.878574
5851,0.052709483
5852,0.16763452
5853,0.3527114
5854,0.30492163
5855,0.81901467
5856,0.225681
5857,0.31893414
5858,0.18919738
5859,0.6678515
5860,0.070905454
5861,0.14994067
5862,0.73007536
5863,0.1941344
5864,0.5734275
5865,0.59866124
5866,0.029077305
5867,0.35299116
5868,0.02757257
5869,0.041196648
5870,0.4993702
5871,0.015665237
5872,0.19904195
5873,0.03610512
5874,0.20759141
5875,0.30754498
5876,0.5724662
5877,0.8940146
5878,0.9292278
5879,0.7929448
5880,0.13670851
5881,0.1864027
5882,0.8496488
5883,0.06609531
5884,0.30876118
5885,0.037736915
5886,0.82602763
5887,0.26605323
5888,0.055787314
5889,0.90718067
5890,0.49217436
5891,0.6036258
5892,0.61334825
5893,0.16308689
5894,0.09377718
5895,0.025774876
5896,0.106705986
5897,0.030612947
5898,0.9283611
5899,0.78951466
5900,0.3626687
5901,0.07752606
5902,0.5239569
5903,0.019853175
5904,0.743341
5905,0.31603214
5906,0.2710929
5907,0.17663196
5908,0.08170637
5909,0.6632032
5910,0.045699164
5911,0.761084
5912,0.18022676
5913,0.88147324
5914,0.3568011
5915,0.10925836
5916,0.044028312
5917,0.5217
5918,0.25006077
5919,0.0829082
5920,0.03848437
5921,0.1301416
5922,0.0522486
5923,0.17008989
5924,0.41044053
5925,0.11001033
5926,0.09611632
5927,0.60319567
5928,0.13435903
5929,0.5969404
5930,0.18167435
5931,0.4802138
5932,0.88356626
5933,0.13932289
5934,0.2068839
5935,0.30867502
5936,0.37243286
5937,0.14565857
5938,0.7262759
5939,0.06594493
5940,0.55004364
5941,0.10690313
5942,0.54595315
5943,0.8941306
5944,0.098840974
5945,0.8385041
5946,0.19753926
5947,0.610383
5948,0.11261531
5949,0.18538132
5950,0.39391944
5951,0.081539094
5952,0.20900647
5953,0.39721495
5954,0.110537186
5955,0.10602564
5956,0.88014525
5957,0.16440153
5958,0.100685455
5959,0.12866685
5960,0.91587716
5961,0.8117783
5962,0.8804272
5963,0.32945758
5964,0.23803537
5965,0.069412544
5966,0.08867452
5967,0.42677096
5968,0.5528354
5969,0.75513947
5970,0.0944468
5971,0.59599674
5972,0.87239844
5973,0.1121334
5974,0.8895652
5975,0.09320992
5976,0.05014164
5977,0.44618282
5978,0.07421553
5979,0.38985795
5980,0.0217073
5981,0.31734765
5982,0.440543
5983,0.8260823
5984,0.0707938
5985,0.3316489
5986,0.12420645
5987,0.078182414
5988,0.23793258
5989,0.439149
5990,0.24327879
5991,0.13772097
5992,0.36397907
5993,0.49580184
5994,0.9493088
5995,0.047598302
5996,0.14589174
5997,0.14587896
5998,0.050667934
5999,0.1150178
6000,0.11907269
6001,0.7368627
6002,0.04902864
6003,0.023129411
6004,0.75778687
6005,0.081635326
6006,0.2428038
6007,0.2093947
6008,0.15208364
6009,0.5343092
6010,0.32183662
6011,0.66127044
6012,0.043892078
6013,0.049882274
6014,0.045305956
6015,0.21830025
6016,0.068838805
6017,0.045406587
6018,0.7216837
6019,0.1915303
6020,0.020152578
6021,0.89578354
6022,0.8197121
6023,0.1549421
6024,0.15324475
6025,0.39210257
6026,0.48603868
6027,0.030160423
6028,0.34143466
6029,0.89181906
6030,0.4484887
6031,0.022078793
6032,0.1722347
6033,0.34405053
6034,0.19579148
6035,0.06871918
6036,0.6502659
6037,0.13067876
6038,0.5696878
6039,0.12562448
6040,0.35542113
6041,0.40820295
6042,0.17949972
6043,0.10252043
6044,0.060158513
6045,0.21254584
6046,0.048503585
6047,0.8109533
6048,0.6957697
6049,0.9019558
6050,0.4668406
6051,0.16101818
6052,0.30845988
6053,0.18521576
6054,0.3079458
6055,0.0792915
6056,0.034803998
6057,0.21369436
6058,0.07099136
6059,0.46686947
6060,0.8842355
6061,0.060359597
6062,0.40603772
6063,0.10605726
6064,0.5690174
6065,0.48038104
6066,0.3061382
6067,0.043107476
6068,0.18181925
6069,0.9389834
6070,0.0851815
6071,0.09439953
6072,0.37864938
6073,0.091337375
6074,0.2593863
6075,0.8360053
6076,0.011511041
6077,0.9283036
6078,0.128123
6079,0.10280941
6080,0.12400716
6081,0.042175565
6082,0.046731777
6083,0.87382406
6084,0.07636849
6085,0.28346905
6086,0.918501
6087,0.08538872
6088,0.1811758
6089,0.17998344
6090,0.26647413
6091,0.047724027
6092,0.3328204
6093,0.23006076
6094,0.11585935
6095,0.0600367
6096,0.06517573
6097,0.48425904
6098,0.55899554
6099,0.6582382
6100,0.052926637
6101,0.25267294
6102,0.585907
6103,0.067228645
6104,0.8614469
6105,0.8459537
6106,0.6065313
6107,0.022877516
6108,0.26160845
6109,0.2631481
6110,0.38911963
6111,0.4382524
6112,0.16274567
6113,0.04077435
6114,0.7303891
6115,0.0673772
6116,0.5104135
6117,0.04416632
6118,0.03072223
6119,0.7443313
6120,0.097395234
6121,0.045533143
6122,0.887195
6123,0.057512313
6124,0.08485234
6125,0.7368634
6126,0.24538675
6127,0.3225533
6128,0.06933878
6129,0.9348274
6130,0.054570056
6131,0.13561188
6132,0.081903204
6133,0.61365664
6134,0.110595874
6135,0.5556175
6136,0.21165064
6137,0.07971549
6138,0.046984155
6139,0.4692895
6140,0.17675662
6141,0.033456966
6142,0.28342986
6143,0.053579364
6144,0.31718692
6145,0.2373664
6146,0.023355478
6147,0.47485635
6148,0.9278404
6149,0.10465555
6150,0.75053036
6151,0.03863795
6152,0.12090495
6153,0.92245626
6154,0.5643942
6155,0.12272572
6156,0.45715177
6157,0.07115364
6158,0.12749976
6159,0.85962707
6160,0.7176353
6161,0.336189
6162,0.11799723
6163,0.02766376
6164,0.8649918
6165,0.19481792
6166,0.099054776
6167,0.14924945
6168,0.030852826
6169,0.8249097
6170,0.049157035
6171,0.5320118
6172,0.10507937
6173,0.08790218
6174,0.6793572
6175,0.7185442
6176,0.80174863
6177,0.23585077
6178,0.50800985
6179,0.15497726
6180,0.89000624
6181,0.51306576
6182,0.17032968
6183,0.13008067
6184,0.4826768
6185,0.08863727
6186,0.86695445
6187,0.4364919
6188,0.19524758
6189,0.21150768
6190,0.9055079
6191,0.77202475
6192,0.049486782
6193,0.07550599
6194,0.08306976
6195,0.7237746
6196,0.0661571
6197,0.062366117
6198,0.22066425
6199,0.103161104
6200,0.6981425
6201,0.12854837
6202,0.5244752
6203,0.2664868
6204,0.34156117
6205,0.06751129
6206,0.24900204
6207,0.112461336
6208,0.91490006
6209,0.73552674
6210,0.90845734
6211,0.8197918
6212,0.097882725
6213,0.045840092
6214,0.05443093
6215,0.9253236
6216,0.2572891
6217,0.7610153
6218,0.9057292
6219,0.42533183
6220,0.09214179
6221,0.39853528
6222,0.14899312
6223,0.23751473
6224,0.042984053
6225,0.46234253
6226,0.51247966
6227,0.21671025
6228,0.929701
6229,0.45646232
6230,0.10172324
6231,0.30453318
6232,0.6563386
6233,0.22273414
6234,0.15376481
6235,0.13080329
6236,0.05766755
6237,0.12409198
6238,0.046976883
6239,0.23200911
6240,0.13200177
6241,0.73313975
6242,0.044950347
6243,0.19331755
6244,0.7223689
6245,0.3714576
6246,0.019441115
6247,0.48345658
6248,0.01648455
6249,0.13800094
6250,0.13417101
6251,0.0950134
6252,0.91778517
6253,0.30756208
6254,0.2530807
6255,0.036641296
6256,0.03437388
6257,0.5654101
6258,0.27034202
6259,0.5093706
6260,0.074025825
6261,0.30648464
6262,0.63713473
6263,0.8227571
6264,0.69992936
6265,0.19480495
6266,0.81287885
6267,0.4068884
6268,0.25337538
6269,0.30404243
6270,0.09466098
6271,0.01258585
6272,0.04732463
6273,0.6249971
6274,0.6756118
6275,0.23920447
6276,0.05049804
6277,0.13748424
6278,0.3153667
6279,0.31082448
6280,0.12132169
6281,0.16328901
6282,0.7138637
6283,0.2640521
6284,0.008290214
6285,0.81402236
6286,0.2804742
6287,0.15387484
6288,0.53335375
6289,0.922151
6290,0.81919014
6291,0.94990915
6292,0.101700775
6293,0.09596443
6294,0.3587155
6295,0.010497355
6296,0.0650981
6297,0.033428844
6298,0.53524166
6299,0.9106149
6300,0.32214543
6301,0.79113376
6302,0.07446922
6303,0.26048622
6304,0.14079924
6305,0.31337383
6306,0.031939402
6307,0.06385412
6308,0.5505034
6309,0.08992335
6310,0.29525688
6311,0.06619917
6312,0.8774544
6313,0.05756537
6314,0.052753273
6315,0.012266444
6316,0.07592332
6317,0.10935084
6318,0.7178705
6319,0.6956997
6320,0.7398731
6321,0.43888003
6322,0.5126326
6323,0.27283612
6324,0.65955716
6325,0.9245564
6326,0.9007292
6327,0.23268268
6328,0.6591068
6329,0.1539002
6330,0.16707155
6331,0.046427008
6332,0.6102222
6333,0.3164279
6334,0.5948037
6335,0.8457997
6336,0.103238165
6337,0.2615739
6338,0.27197647
6339,0.39810655
6340,0.16674931
6341,0.5166498
6342,0.5708607
6343,0.82427377
6344,0.23602797
6345,0.32491705
6346,0.08103015
6347,0.5909106
6348,0.19503969
6349,0.19864194
6350,0.30496562
6351,0.7503362
6352,0.8101894
6353,0.3343521
6354,0.90618795
6355,0.061130892
6356,0.16995451
6357,0.79487413
6358,0.13530645
6359,0.52279466
6360,0.8100986
6361,0.050974615
6362,0.14852732
6363,0.0885679
6364,0.07020681
6365,0.021642486
6366,0.71217716
6367,0.42985147
6368,0.035184458
6369,0.8605453
6370,0.91268796
6371,0.038193222
6372,0.061011396
6373,0.89182293
6374,0.55137163
6375,0.07688198
6376,0.7351887
6377,0.043666054
6378,0.21200982
6379,0.051204894
6380,0.06384344
6381,0.73196214
6382,0.24529092
6383,0.11721791
6384,0.07396324
6385,0.6840118
6386,0.09493313
6387,0.28786704
6388,0.29526713
6389,0.018773803
6390,0.004172538
6391,0.9626433
6392,0.31349146
6393,0.64185405
6394,0.28931504
6395,0.835254
6396,0.21208552
6397,0.96581626
6398,0.029343111
6399,0.1430374
6400,0.24626467
6401,0.025434913
6402,0.94303375
6403,0.79818803
6404,0.081467375
6405,0.12678221
6406,0.37621376
6407,0.022259472
6408,0.059888102
6409,0.10210727
6410,0.090419255
6411,0.42709017
6412,0.15313844
6413,0.8700666
6414,0.16149421
6415,0.10230944
6416,0.023954615
6417,0.12076642
6418,0.3536165
6419,0.9534741
6420,0.12600648
6421,0.12766065
6422,0.11930329
6423,0.03090848
6424,0.074507296
6425,0.036818214
6426,0.06489451
6427,0.25004894
6428,0.2442419
6429,0.25497523
6430,0.8604062
6431,0.8101062
6432,0.7740812
6433,0.53899175
6434,0.041308586
6435,0.7081972
6436,0.13849106
6437,0.3761817
6438,0.038375247
6439,0.1689455
6440,0.080837764
6441,0.116450295
6442,0.94302243
6443,0.50498074
6444,0.017156057
6445,0.048632804
6446,0.6604202
6447,0.13895252
6448,0.30350164
6449,0.33359167
6450,0.2551318
6451,0.20727295
6452,0.11003791
6453,0.7591525
6454,0.914825
6455,0.14431052
6456,0.048498712
6457,0.37704504
6458,0.019036554
6459,0.46261495
6460,0.6203382
6461,0.29204854
6462,0.88843673
6463,0.8610949
6464,0.6961775
6465,0.66588914
6466,0.73894167
6467,0.15018128
6468,0.5785557
6469,0.052255906
6470,0.107393935
6471,0.43963873
6472,0.056865662
6473,0.09310172
6474,0.079107165
6475,0.39794338
6476,0.21004847
6477,0.16442966
6478,0.5105381
6479,0.20553093
6480,0.15393178
6481,0.15787894
6482,0.026654994
6483,0.118587196
6484,0.16766036
6485,0.10285516
6486,0.6764402
6487,0.7323955
6488,0.06312532
6489,0.90221167
6490,0.8841906
6491,0.35469413
6492,0.37161505
6493,0.40230098
6494,0.9518451
6495,0.104351155
6496,0.5689896
6497,0.105504096
6498,0.1332358
6499,0.21981944
6500,0.95286953
6501,0.39912385
6502,0.14550865
6503,0.46572015
6504,0.2715532
6505,0.25857005
6506,0.053853557
6507,0.058664463
6508,0.14847167
6509,0.06490187
6510,0.12367386
6511,0.030559354
6512,0.18409173
6513,0.02264664
6514,0.6554612
6515,0.3572876
6516,0.08188999
6517,0.14047752
6518,0.22239189
6519,0.057300787
6520,0.33938912
6521,0.82340986
6522,0.19189821
6523,0.16359966
6524,0.61531264
6525,0.5187166
6526,0.11082695
6527,0.21503963
6528,0.3645754
6529,0.07354255
6530,0.8665795
6531,0.054094467
6532,0.86826783
6533,0.00713536
6534,0.70435184
6535,0.13788405
6536,0.21850519
6537,0.7483686
6538,0.08675668
6539,0.05350868
6540,0.6312446
6541,0.567566
6542,0.82873714
6543,0.5530272
6544,0.10623981
6545,0.0986297
6546,0.26491112
6547,0.5334845
6548,0.015109043
6549,0.029175853
6550,0.43342298
6551,0.7764835
6552,0.08519969
6553,0.3950354
6554,0.85277086
6555,0.37008974
6556,0.21179175
6557,0.77511007
6558,0.44641978
6559,0.024102764
6560,0.06374843
6561,0.4191748
6562,0.17380789
6563,0.26193488
6564,0.06159141
6565,0.09698254
6566,0.8165257
6567,0.07419438
6568,0.17941825
6569,0.11465384
6570,0.029982492
6571,0.08885743
6572,0.8790129
6573,0.014684055
6574,0.62053025
6575,0.289266
6576,0.8535747
6577,0.614141
6578,0.8587074
6579,0.1367606
6580,0.6827475
6581,0.20610131
6582,0.06785444
6583,0.23391251
6584,0.12505975
6585,0.27051732
6586,0.21643355
6587,0.085423075
6588,0.029563194
6589,0.46481308
6590,0.17729792
6591,0.30926624
6592,0.40294093
6593,0.19068018
6594,0.22232339
6595,0.02520783
6596,0.05095215
6597,0.38906622
6598,0.06752428
6599,0.19864815
6600,0.055815816
6601,0.10720144
6602,0.68042403
6603,0.57643807
6604,0.055116177
6605,0.13054398
6606,0.13955571
6607,0.019167794
6608,0.31255168
6609,0.026446024
6610,0.16093169
6611,0.18117583
6612,0.17455268
6613,0.14020945
6614,0.276415
6615,0.12279798
6616,0.70764804
6617,0.9140308
6618,0.38513356
6619,0.38762078
6620,0.14851661
6621,0.8366482
6622,0.5967906
6623,0.23880346
6624,0.20782347
6625,0.9512535
6626,0.7228722
6627,0.13159359
6628,0.08950388
6629,0.02251634
6630,0.62312263
6631,0.08617278
6632,0.9022049
6633,0.7964058
6634,0.27952528
6635,0.26161578
6636,0.51168764
6637,0.17796382
6638,0.15207064
6639,0.8126525
6640,0.07986299
6641,0.12959614
6642,0.6589958
6643,0.7423231
6644,0.7188555
6645,0.28289762
6646,0.1267426
6647,0.03766296
6648,0.16694607
6649,0.17983393
6650,0.12502286
6651,0.037792943
6652,0.12763381
6653,0.40062422
6654,0.30249304
6655,0.41114822
6656,0.53047013
6657,0.7020076
6658,0.6751407
6659,0.19602953
6660,0.5600752
6661,0.857168
6662,0.07529122
6663,0.039307088
6664,0.37310827
6665,0.13396333
6666,0.036125503
6667,0.15575927
6668,0.19093212
6669,0.14700672
6670,0.044808153
6671,0.09076861
6672,0.70661056
6673,0.13368854
6674,0.056876138
6675,0.819198
6676,0.12744339
6677,0.13039361
6678,0.33017796
6679,0.10143714
6680,0.14450735
6681,0.3828884
6682,0.535042
6683,0.91846627
6684,0.49887252
6685,0.46500188
6686,0.12080285
6687,0.28983557
6688,0.17708957
6689,0.01633523
6690,0.012553436
6691,0.527193
6692,0.039231233
6693,0.17717083
6694,0.8842112
6695,0.9302219
6696,0.11054008
6697,0.9135657
6698,0.05423938
6699,0.31519747
6700,0.19304146
6701,0.12795033
6702,0.5752216
6703,0.22235148
6704,0.09109856
6705,0.1667103
6706,0.052104212
6707,0.17402604
6708,0.1316532
6709,0.5572728
6710,0.43889531
6711,0.6421607
6712,0.36550236
6713,0.866692
6714,0.064757265
6715,0.21164417
6716,0.25107774
6717,0.17315
6718,0.027519587
6719,0.032035183
6720,0.69378
6721,0.7388559
6722,0.96159756
6723,0.8912462
6724,0.25322384
6725,0.32851583
6726,0.21957283
6727,0.8498964
6728,0.94749135
6729,0.28191432
6730,0.93110675
6731,0.7239365
6732,0.08947389
6733,0.06643348
6734,0.08649475
6735,0.3170821
6736,0.013703919
6737,0.7672245
6738,0.49987152
6739,0.038834378
6740,0.24972047
6741,0.016140882
6742,0.44713283
6743,0.38949585
6744,0.06374184
6745,0.2711284
6746,0.0452312
6747,0.052903652
6748,0.9218827
6749,0.5506016
6750,0.13570721
6751,0.81472594
6752,0.7915325
6753,0.25062782
6754,0.12411742
6755,0.052501887
6756,0.04612744
6757,0.45967105
6758,0.022292648
6759,0.25617933
6760,0.1286851
6761,0.13495603
6762,0.15021998
6763,0.09340724
6764,0.18976697
6765,0.81484145
6766,0.35955518
6767,0.60200393
6768,0.02773178
6769,0.2780997
6770,0.5018759
6771,0.14656357
6772,0.09358373
6773,0.12015298
6774,0.29029796
6775,0.12852176
6776,0.097490095
6777,0.17043175
6778,0.24936572
6779,0.107359536
6780,0.79008555
6781,0.36999416
6782,0.03225694
6783,0.045859043
6784,0.31579578
6785,0.19102114
6786,0.092756286
6787,0.9547706
6788,0.54931754
6789,0.13216051
6790,0.08304559
6791,0.07256171
6792,0.15639535
6793,0.7656714
6794,0.8957188
6795,0.2156424
6796,0.13714725
6797,0.26014867
6798,0.049970567
6799,0.093998194
6800,0.3346247
6801,0.050521273
6802,0.07207603
6803,0.14258735
6804,0.05094148
6805,0.9641209
6806,0.2802366
6807,0.19623406
6808,0.14216277
6809,0.106502414
6810,0.054116208
6811,0.39988476
6812,0.042780455
6813,0.40738222
6814,0.7640961
6815,0.07264824
6816,0.023523489
6817,0.24820194
6818,0.8492636
6819,0.95806
6820,0.5040956
6821,0.12057975
6822,0.808601
6823,0.032318275
6824,0.7998072
6825,0.7685518
6826,0.06143222
6827,0.09504676
6828,0.12137482
6829,0.08430965
6830,0.39394218
6831,0.6398191
6832,0.19760796
6833,0.9041702
6834,0.09917128
6835,0.21518247
6836,0.320862
6837,0.86249113
6838,0.90260464
6839,0.103025265
6840,0.7731509
6841,0.7939093
6842,0.1540043
6843,0.06419793
6844,0.2821107
6845,0.80702376
6846,0.7119948
6847,0.14082707
6848,0.8921665
6849,0.034851305
6850,0.81249976
6851,0.13978186
6852,0.4658025
6853,0.026083607
6854,0.35033342
6855,0.8457745
6856,0.091238804
6857,0.07054735
6858,0.42575836
6859,0.3242967
6860,0.14235082
6861,0.22564152
6862,0.27946413
6863,0.3918206
6864,0.040659133
6865,0.33618453
6866,0.033544205
6867,0.8866648
6868,0.35929117
6869,0.08188895
6870,0.0888278
6871,0.3095167
6872,0.10843393
6873,0.1492647
6874,0.07228981
6875,0.81279993
6876,0.05254453
6877,0.17682107
6878,0.595624
6879,0.13258049
6880,0.28322482
6881,0.007826046
6882,0.636119
6883,0.020431072
6884,0.4006752
6885,0.3986224
6886,0.40486842
6887,0.64389807
6888,0.026762387
6889,0.029859815
6890,0.13799754
6891,0.7035058
6892,0.4140568
6893,0.69938195
6894,0.049321435
6895,0.090576164
6896,0.55761564
6897,0.15572865
6898,0.54447097
6899,0.87546164
6900,0.1379901
6901,0.08440171
6902,0.1972637
6903,0.09810837
6904,0.14891885
6905,0.13000208
6906,0.8121148
6907,0.05212974
6908,0.36091486
6909,0.061468493
6910,0.64808375
6911,0.01790328
6912,0.7531198
6913,0.060909893
6914,0.070047095
6915,0.2937299
6916,0.51223457
6917,0.92022264
6918,0.12577076
6919,0.43981963
6920,0.047568567
6921,0.40200925
6922,0.86941826
6923,0.0131570455
6924,0.29637304
6925,0.7950348
6926,0.9091382
6927,0.18644886
6928,0.022495875
6929,0.018919617
6930,0.27598146
6931,0.22531731
6932,0.87451935
6933,0.9051627
6934,0.18790425
6935,0.039646745
6936,0.59676385
6937,0.12761788
6938,0.1100556
6939,0.165476
6940,0.93814695
6941,0.42623568
6942,0.13706706
6943,0.046849303
6944,0.20784418
6945,0.50088483
6946,0.7411132
6947,0.10801805
6948,0.88125306
6949,0.122913405
6950,0.83875996
6951,0.1898537
6952,0.18144588
6953,0.7790305
6954,0.10157393
6955,0.5788832
6956,0.24923459
6957,0.21871579
6958,0.116303585
6959,0.7727583
6960,0.21646716
6961,0.04627826
6962,0.37062514
6963,0.015147052
6964,0.09891993
6965,0.11292918
6966,0.06905914
6967,0.016813781
6968,0.87217975
6969,0.10699811
6970,0.15375419
6971,0.8559926
6972,0.28141215
6973,0.15926169
6974,0.68301165
6975,0.7073415
6976,0.17070283
6977,0.12614426
6978,0.09348497
6979,0.14500521
6980,0.3586124
6981,0.29899043
6982,0.24510793
6983,0.02452699
6984,0.86545163
6985,0.15417802
6986,0.35262135
6987,0.18153886
6988,0.16372785
6989,0.29731646
6990,0.16681167
6991,0.17183693
6992,0.5168061
6993,0.14421687
6994,0.118955575
6995,0.019727366
6996,0.046172496
6997,0.05603116
6998,0.1003621
6999,0.12838468
7000,0.36825684
7001,0.048616108
7002,0.9201096
7003,0.079965
7004,0.19006446
7005,0.12769052
7006,0.18161005
7007,0.13457845
7008,0.07561993
7009,0.46160382
7010,0.20051372
7011,0.25545558
7012,0.3960294
7013,0.09320962
7014,0.110287085
7015,0.23573798
7016,0.06664327
7017,0.028978363
7018,0.10319067
7019,0.114640065
7020,0.2229646
7021,0.8197177
7022,0.42253795
7023,0.7772427
7024,0.013918417
7025,0.53809905
7026,0.07073584
7027,0.029499529
7028,0.72896796
7029,0.35244003
7030,0.20328403
7031,0.16234094
7032,0.08664884
7033,0.1214499
7034,0.09071643
7035,0.2947614
7036,0.90927684
7037,0.23814565
7038,0.08139679
7039,0.8855933
7040,0.29527947
7041,0.13226996
7042,0.024477854
7043,0.93426317
7044,0.027703214
7045,0.6591143
7046,0.633523
7047,0.23808248
7048,0.21315932
7049,0.7365043
7050,0.72490346
7051,0.06270479
7052,0.83773583
7053,0.06936353
7054,0.30925667
7055,0.120359704
7056,0.038015105
7057,0.08010148
7058,0.17973822
7059,0.933856
7060,0.14441526
7061,0.9114015
7062,0.308543
7063,0.09648349
7064,0.1865343
7065,0.61166555
7066,0.52206206
7067,0.32312816
7068,0.7460968
7069,0.06365345
7070,0.4446486
7071,0.3099053
7072,0.378805
7073,0.18154694
7074,0.2424233
7075,0.15708838
7076,0.19705504
7077,0.38537708
7078,0.15920489
7079,0.27056977
7080,0.8310035
7081,0.5973921
7082,0.040558733
7083,0.4410212
7084,0.56354374
7085,0.21410054
7086,0.07485744
7087,0.14920437
7088,0.49380702
7089,0.22026066
7090,0.82517755
7091,0.92130464
7092,0.47573152
7093,0.9013242
7094,0.53933483
7095,0.046443563
7096,0.16553344
7097,0.11720003
7098,0.08614363
7099,0.10140477
7100,0.92908007
7101,0.19743128
7102,0.32738844
7103,0.5764318
7104,0.27402404
7105,0.40945676
7106,0.20840731
7107,0.39799306
7108,0.17399535
7109,0.7911913
7110,0.13761532
7111,0.15708598
7112,0.8199272
7113,0.16000515
7114,0.20537557
7115,0.11810509
7116,0.23995006
7117,0.15519202
7118,0.74360293
7119,0.05966964
7120,0.1668726
7121,0.06750722
7122,0.63731784
7123,0.82185173
7124,0.93977684
7125,0.13275222
7126,0.29880065
7127,0.21717647
7128,0.044818908
7129,0.027783295
7130,0.03518004
7131,0.23208049
7132,0.9076573
7133,0.95561564
7134,0.8986206
7135,0.02472642
7136,0.11123911
7137,0.80813897
7138,0.17598705
7139,0.5346929
7140,0.06647678
7141,0.9236597
7142,0.26158202
7143,0.1403942
7144,0.053008266
7145,0.14094575
7146,0.25090143
7147,0.7810718
7148,0.664498
7149,0.91550183
7150,0.907548
7151,0.26869768
7152,0.029157747
7153,0.40162754
7154,0.1470021
7155,0.020675303
7156,0.02504019
7157,0.0065371864
7158,0.100871034
7159,0.09986577
7160,0.14629506
7161,0.91522735
7162,0.118022054
7163,0.045233678
7164,0.22036347
7165,0.0037676827
7166,0.95881575
7167,0.067172974
7168,0.102593675
7169,0.18221135
7170,0.9107975
7171,0.066449806
7172,0.09201842
7173,0.49183732
7174,0.8276859
7175,0.22060436
7176,0.31594914
7177,0.3323863
7178,0.12803748
7179,0.071152665
7180,0.4412997
7181,0.39598954
7182,0.5340964
7183,0.02212155
7184,0.8928232
7185,0.7057148
7186,0.18374726
7187,0.045798473
7188,0.22455823
7189,0.7839365
7190,0.6507865
7191,0.8778371
7192,0.8408062
7193,0.16937831
7194,0.02989277
7195,0.055085637
7196,0.6976809
7197,0.9057864
7198,0.02920517
7199,0.8483489
7200,0.07203124
7201,0.15215348
7202,0.3247732
7203,0.78289515
7204,0.7567588
7205,0.088603996
7206,0.114490174
7207,0.544735
7208,0.120136045
7209,0.04945095
7210,0.013749284
7211,0.20525734
7212,0.66821486
7213,0.525355
7214,0.021923006
7215,0.062023096
7216,0.20807292
7217,0.8847033
7218,0.021605574
7219,0.28935668
7220,0.1566972
7221,0.046536874
7222,0.7508877
7223,0.11081177
7224,0.25825587
7225,0.03340093
7226,0.6350724
7227,0.06168788
7228,0.039146148
7229,0.65693307
7230,0.20822655
7231,0.17140704
7232,0.8131106
7233,0.8711223
7234,0.12374085
7235,0.6528887
7236,0.8099983
7237,0.3016031
7238,0.76576656
7239,0.7558695
7240,0.4364865
7241,0.26243111
7242,0.1301357
7243,0.23197317
7244,0.25422817
7245,0.5207012
7246,0.17134723
7247,0.16144624
7248,0.7698314
7249,0.030446833
7250,0.2334207
7251,0.49991953
7252,0.11242673
7253,0.093575895
7254,0.062286854
7255,0.09478887
7256,0.12295736
7257,0.051369354
7258,0.077615485
7259,0.18262058
7260,0.36468035
7261,0.08048775
7262,0.074102186
7263,0.20879824
7264,0.36290836
7265,0.1270396
7266,0.39485934
7267,0.15551484
7268,0.14638901
7269,0.30826342
7270,0.07324233
7271,0.15063706
7272,0.41641662
7273,0.14553957
7274,0.27162436
7275,0.21965028
7276,0.072989725
7277,0.9302356
7278,0.5629968
7279,0.5800663
7280,0.4277169
7281,0.08495617
7282,0.10800159
7283,0.14654233
7284,0.13855614
7285,0.013229505
7286,0.036973294
7287,0.15776622
7288,0.8677146
7289,0.12226219
7290,0.26074323
7291,0.09306471
7292,0.02136467
7293,0.10678447
7294,0.088641144
7295,0.123292856
7296,0.7596409
7297,0.65718514
7298,0.08468586
7299,0.19972897
7300,0.75499827
7301,0.9209518
7302,0.8283352
7303,0.10522298
7304,0.13891831
7305,0.81006014
7306,0.6772665
7307,0.67852265
7308,0.20569892
7309,0.25215408
7310,0.42557615
7311,0.7884925
7312,0.8465371
7313,0.053424086
7314,0.38456976
7315,0.9416297
7316,0.11896664
7317,0.48268202
7318,0.03279585
7319,0.042738818
7320,0.1381197
7321,0.26987797
7322,0.055987887
7323,0.049088392
7324,0.09730417
7325,0.14860374
7326,0.7343796
7327,0.04330496
7328,0.116800435
7329,0.80797756
7330,0.031214353
7331,0.18728082
7332,0.12682289
7333,0.09062588
7334,0.04883681
7335,0.22117624
7336,0.7881405
7337,0.45293352
7338,0.87868905
7339,0.23564057
7340,0.27393
7341,0.7715697
7342,0.54037046
7343,0.8735412
7344,0.66872305
7345,0.1710661
7346,0.23689188
7347,0.43536493
7348,0.28943175
7349,0.5723946
7350,0.37997055
7351,0.13976559
7352,0.35344553
7353,0.69972044
7354,0.24506554
7355,0.43520474
7356,0.83297664
7357,0.5817987
7358,0.16011482
7359,0.21082915
7360,0.33956608
7361,0.7145713
7362,0.3618936
7363,0.13264458
7364,0.28045216
7365,0.6267986
7366,0.12314818
7367,0.49384958
7368,0.24333912
7369,0.019679267
7370,0.07621464
7371,0.5988752
7372,0.8856707
7373,0.92515653
7374,0.077137046
7375,0.3168743
7376,0.55179
7377,0.059978306
7378,0.28002787
7379,0.89821434
7380,0.4649795
7381,0.010388633
7382,0.040218078
7383,0.28545344
7384,0.11457107
7385,0.3712799
7386,0.66379887
7387,0.12525342
7388,0.03133585
7389,0.2706084
7390,0.72902584
7391,0.375688
7392,0.12087603
7393,0.06945918
7394,0.13795747
7395,0.41834503
7396,0.10657615
7397,0.07127418
7398,0.7701153
7399,0.048220105
7400,0.10511727
7401,0.17473857
7402,0.5742528
7403,0.13562834
7404,0.58762413
7405,0.14609537
7406,0.107376814
7407,0.13555515
7408,0.9167695
7409,0.33655107
7410,0.74873996
7411,0.22498369
7412,0.7738083
7413,0.6593383
7414,0.033056986
7415,0.3969821
7416,0.8660029
7417,0.061077226
7418,0.8821755
7419,0.9215981
7420,0.2937932
7421,0.1856859
7422,0.14665382
7423,0.7484433
7424,0.06444217
7425,0.23890227
7426,0.54151773
7427,0.37049875
7428,0.12538299
7429,0.0910143
7430,0.37498954
7431,0.64139766
7432,0.58750033
7433,0.0199986
7434,0.6682912
7435,0.21952094
7436,0.15031457
7437,0.4815871
7438,0.1209778
7439,0.5193115
7440,0.11633492
7441,0.029402126
7442,0.2484918
7443,0.6545063
7444,0.15917736
7445,0.45968533
7446,0.18694618
7447,0.43879732
7448,0.9279249
7449,0.021978961
7450,0.79662746
7451,0.30376923
7452,0.22881928
7453,0.17117277
7454,0.555905
7455,0.9359932
7456,0.85974026
7457,0.17758715
7458,0.46291378
7459,0.16452503
7460,0.048681222
7461,0.1638496
7462,0.86220413
7463,0.19262353
7464,0.097660944
7465,0.5068066
7466,0.14232545
7467,0.60573775
7468,0.96077627
7469,0.81927055
7470,0.14409862
7471,0.2624727
7472,0.12527908
7473,0.12774995
7474,0.04264569
7475,0.03563261
7476,0.6478643
7477,0.4450548
7478,0.20637497
7479,0.31416425
7480,0.71829903
7481,0.077152096
7482,0.036000222
7483,0.35952136
7484,0.20477131
7485,0.04135661
7486,0.58905214
7487,0.25224152
7488,0.64539045
7489,0.03070021
7490,0.26223034
7491,0.13072444
7492,0.04189398
7493,0.07762071
7494,0.7609917
7495,0.092972144
7496,0.30712828
7497,0.37479943
7498,0.052651763
7499,0.6544979
7500,0.06435895
7501,0.052486792
7502,0.16454394
7503,0.87504905
7504,0.035682175
7505,0.11746405
7506,0.18907718
7507,0.9595429
7508,0.22748901
7509,0.1724351
7510,0.14906809
7511,0.355632
7512,0.49916026
7513,0.13462697
7514,0.7785445
7515,0.89172685
7516,0.045519695
7517,0.23827006
7518,0.5602835
7519,0.48737347
7520,0.18819672
7521,0.40924963
7522,0.47885922
7523,0.2574056
7524,0.0836649
7525,0.29391617
7526,0.16043514
7527,0.35444164
7528,0.037238214
7529,0.46899837
7530,0.8636525
7531,0.5065412
7532,0.06202565
7533,0.91137725
7534,0.14330663
7535,0.17295857
7536,0.24932276
7537,0.083320074
7538,0.76101035
7539,0.61317205
7540,0.5649308
7541,0.16891347
7542,0.15927571
7543,0.31728616
7544,0.13598171
7545,0.703144
7546,0.5485433
7547,0.094583005
7548,0.08686645
7549,0.10909322
7550,0.30744272
7551,0.03402666
7552,0.29874855
7553,0.050111283
7554,0.07509025
7555,0.10969697
7556,0.43667036
7557,0.05586933
7558,0.43185255
7559,0.09995451
7560,0.18752907
7561,0.14370824
7562,0.12615237
7563,0.039084684
7564,0.12244104
7565,0.85902554
7566,0.58397055
7567,0.24211782
7568,0.37912428
7569,0.35347658
7570,0.10366304
7571,0.9217558
7572,0.06398137
7573,0.11305645
7574,0.15490487
7575,0.40619114
7576,0.21744655
7577,0.0353016
7578,0.8655828
7579,0.5509925
7580,0.16688092
7581,0.06530219
7582,0.55653054
7583,0.26080775
7584,0.8587359
7585,0.7229446
7586,0.5441302
7587,0.17379227
7588,0.36647984
7589,0.4052719
7590,0.24945663
7591,0.35387754
7592,0.21416499
7593,0.028733922
7594,0.0819605
7595,0.24232379
7596,0.09892635
7597,0.34952736
7598,0.8456892
7599,0.44350114
7600,0.032367256
7601,0.87199324
7602,0.4085024
7603,0.33568576
7604,0.4784794
7605,0.12576072
7606,0.20613055
7607,0.13770565
7608,0.07614651
7609,0.7963733
7610,0.10830628
7611,0.33224478
7612,0.5192761
7613,0.679667
7614,0.13005269
7615,0.49481001
7616,0.12441419
7617,0.7534142
7618,0.74640787
7619,0.15269691
7620,0.039213642
7621,0.8017332
7622,0.2854037
7623,0.057856
7624,0.5713267
7625,0.9232003
7626,0.6894448
7627,0.8449817
7628,0.10098344
7629,0.7973102
7630,0.042667337
7631,0.7425447
7632,0.26993838
7633,0.9026707
7634,0.8721206
7635,0.5476092
7636,0.9173177
7637,0.08952955
7638,0.8420231
7639,0.5513813
7640,0.95016986
7641,0.7741725
7642,0.40668717
7643,0.17609742
7644,0.17410165
7645,0.6526985
7646,0.8236597
7647,0.08753649
7648,0.05514434
7649,0.7616987
7650,0.22867411
7651,0.025155498
7652,0.16249225
7653,0.03174315
7654,0.08933922
7655,0.06273168
7656,0.114486285
7657,0.63447267
7658,0.3271652
7659,0.90185547
7660,0.16309984
7661,0.4162445
7662,0.15163374
7663,0.012554244
7664,0.33695185
7665,0.7326862
7666,0.4614265
7667,0.055005588
7668,0.3488087
7669,0.8419844
7670,0.70332074
7671,0.34635028
7672,0.86230505
7673,0.3994894
7674,0.5694958
7675,0.12231601
7676,0.1588886
7677,0.9598928
7678,0.06963901
7679,0.63337666
7680,0.37739065
7681,0.027960148
7682,0.90688014
7683,0.053137645
7684,0.38674268
7685,0.7463671
7686,0.086929865
7687,0.57680184
7688,0.19755346
7689,0.8798849
7690,0.28439778
7691,0.103747234
7692,0.9378566
7693,0.10162792
7694,0.29167685
7695,0.05067448
7696,0.23207703
7697,0.19643314
7698,0.8447156
7699,0.17177196
7700,0.50979745
7701,0.116424926
7702,0.36861694
7703,0.56882495
7704,0.6266012
7705,0.40797725
7706,0.035958957
7707,0.45796734
7708,0.22611144
7709,0.02441708
7710,0.53226864
7711,0.60702264
7712,0.10539075
7713,0.06714064
7714,0.037285026
7715,0.87647855
7716,0.6269974
7717,0.13940148
7718,0.8729712
7719,0.23211859
7720,0.031108495
7721,0.11970808
7722,0.2867598
7723,0.17022891
7724,0.5923471
7725,0.13713548
7726,0.11368011
7727,0.04824648
7728,0.830088
7729,0.19934455
7730,0.59807116
7731,0.007466232
7732,0.15685861
7733,0.26582807
7734,0.7320743
7735,0.65551853
7736,0.6601555
7737,0.11840781
7738,0.2354568
7739,0.56858504
7740,0.039227597
7741,0.04828738
7742,0.06533585
7743,0.21718311
7744,0.03412879
7745,0.75259274
7746,0.13757198
7747,0.16953464
7748,0.2855125
7749,0.051668823
7750,0.014220007
7751,0.058705375
7752,0.26390362
7753,0.14154135
7754,0.014222687
7755,0.5407946
7756,0.069070496
7757,0.05563131
7758,0.21716993
7759,0.16447498
7760,0.22642258
7761,0.07556624
7762,0.92068464
7763,0.016350525
7764,0.17274107
7765,0.8039298
7766,0.90659446
7767,0.3804487
7768,0.19045596
7769,0.31182635
7770,0.17052394
7771,0.23037356
7772,0.36306092
7773,0.40671486
7774,0.7552534
7775,0.1514478
7776,0.07990545
7777,0.054133955
7778,0.9068763
7779,0.09456678
7780,0.062031183
7781,0.7019893
7782,0.44343907
7783,0.31546512
7784,0.22682083
7785,0.018030932
7786,0.31016502
7787,0.07516812
7788,0.08558116
7789,0.46099094
7790,0.15598601
7791,0.8137547
7792,0.31591675
7793,0.0548757
7794,0.38715392
7795,0.078800626
7796,0.16954273
7797,0.23315752
7798,0.6323138
7799,0.009488518
7800,0.1345998
7801,0.06112304
7802,0.09001346
7803,0.053020615
7804,0.13629945
7805,0.31197768
7806,0.047430903
7807,0.3312679
7808,0.31929743
7809,0.17768289
7810,0.19010316
7811,0.33797598
7812,0.15523067
7813,0.6749483
7814,0.38490227
7815,0.09398031
7816,0.020619117
7817,0.32699376
7818,0.24557178
7819,0.7243449
7820,0.1125357
7821,0.14718655
7822,0.8881377
7823,0.83097446
7824,0.32407376
7825,0.11943758
7826,0.93435436
7827,0.08747646
7828,0.116769955
7829,0.5899747
7830,0.1333241
7831,0.6910594
7832,0.124415375
7833,0.13141698
7834,0.42687428
7835,0.04558833
7836,0.42675102
7837,0.87357503
7838,0.9193825
7839,0.17570172
7840,0.1724333
7841,0.52886426
7842,0.34535074
7843,0.12731649
7844,0.53265524
7845,0.14337926
7846,0.18732628
7847,0.54246783
7848,0.76601255
7849,0.09546237
7850,0.14813475
7851,0.72629935
7852,0.9071667
7853,0.1373678
7854,0.6516398
7855,0.040494163
7856,0.060457245
7857,0.08119794
7858,0.11631211
7859,0.7893235
7860,0.4655723
7861,0.023234358
7862,0.082335964
7863,0.47030798
7864,0.74139196
7865,0.102828726
7866,0.8587783
7867,0.2138732
7868,0.28239563
7869,0.9374568
7870,0.5217135
7871,0.6050479
7872,0.20580108
7873,0.042067528
7874,0.056263622
7875,0.34866434
7876,0.19880545
7877,0.8324447
7878,0.052893687
7879,0.71769536
7880,0.5759097
7881,0.06485052
7882,0.81561923
7883,0.28011423
7884,0.03895195
7885,0.784692
7886,0.50341773
7887,0.2749773
7888,0.91640437
7889,0.43211728
7890,0.54953897
7891,0.23338707
7892,0.050516665
7893,0.13139082
7894,0.105546765
7895,0.04553304
7896,0.887694
7897,0.10967444
7898,0.44254068
7899,0.04162572
7900,0.089026704
7901,0.4765036
7902,0.08981888
7903,0.018303234
7904,0.26214585
7905,0.29863784
7906,0.057328094
7907,0.0750763
7908,0.13564678
7909,0.29465568
7910,0.090063564
7911,0.03805673
7912,0.07654853
7913,0.8927265
7914,0.34897873
7915,0.54613096
7916,0.122650154
7917,0.49410084
7918,0.49602798
7919,0.31692708
7920,0.07395999
7921,0.06772109
7922,0.27699625
7923,0.17955491
7924,0.31923452
7925,0.45846096
7926,0.2227988
7927,0.09373247
7928,0.030072376
7929,0.27679408
7930,0.22150189
7931,0.41876456
7932,0.30342773
7933,0.023620082
7934,0.36227605
7935,0.2886741
7936,0.23734355
7937,0.4154244
7938,0.09112689
7939,0.16942991
7940,0.035721254
7941,0.87927055
7942,0.266913
7943,0.6934928
7944,0.14135364
7945,0.16063917
7946,0.6804091
7947,0.58780766
7948,0.8714104
7949,0.028484542
7950,0.32239905
7951,0.1360574
7952,0.63258356
7953,0.17088008
7954,0.120748684
7955,0.79256666
7956,0.3657092
7957,0.9524914
7958,0.82103705
7959,0.019842705
7960,0.07811233
7961,0.6486446
7962,0.12542653
7963,0.073914304
7964,0.24586959
7965,0.084363155
7966,0.1058976
7967,0.6877855
7968,0.27611363
7969,0.032570634
7970,0.21744399
7971,0.19890733
7972,0.43524978
7973,0.10693844
7974,0.16863066
7975,0.07763953
7976,0.2011072
7977,0.40227094
7978,0.12712067
7979,0.39912575
7980,0.91517526
7981,0.5008567
7982,0.032994777
7983,0.06988323
7984,0.79612416
7985,0.08811233
7986,0.04288435
7987,0.22757965
7988,0.21610469
7989,0.16254753
7990,0.08729241
7991,0.18314184
7992,0.8334025
7993,0.39405024
7994,0.92270505
7995,0.14175345
7996,0.21099752
7997,0.04653314
7998,0.9113617
7999,0.60411364
8000,0.3026028
8001,0.67578775
8002,0.25721294
8003,0.23869371
8004,0.100884594
8005,0.0899231
8006,0.117803656
8007,0.06634117
8008,0.21454318
8009,0.48985156
8010,0.43460146
8011,0.53254086
8012,0.85856164
8013,0.09818565
8014,0.8250512
8015,0.13980664
8016,0.90154797
8017,0.8544271
8018,0.32993495
8019,0.12373042
8020,0.90856326
8021,0.128181
8022,0.15495615
8023,0.08205854
8024,0.8975665
8025,0.3995734
8026,0.9200659
8027,0.39053538
8028,0.10660198
8029,0.8724503
8030,0.19245052
8031,0.2917159
8032,0.5521415
8033,0.39827558
8034,0.9380445
8035,0.9054843
8036,0.65450466
8037,0.056040987
8038,0.15389195
8039,0.7428471
8040,0.6309265
8041,0.07805351
8042,0.06265873
8043,0.73316944
8044,0.90067714
8045,0.064121835
8046,0.36628693
8047,0.014869333
8048,0.30676854
8049,0.17920935
8050,0.25530785
8051,0.89655423
8052,0.06650164
8053,0.4508515
8054,0.051548455
8055,0.8568336
8056,0.10299676
8057,0.04204774
8058,0.53297985
8059,0.08212995
8060,0.18851884
8061,0.31478596
8062,0.49010536
8063,0.50524896
8064,0.14613777
8065,0.7452392
8066,0.17621657
8067,0.62145716
8068,0.23957102
8069,0.030099364
8070,0.30860046
8071,0.3987884
8072,0.91966534
8073,0.16745783
8074,0.35220844
8075,0.5003557
8076,0.22753471
8077,0.03342402
8078,0.051476277
8079,0.20930174
8080,0.50666517
8081,0.051974762
8082,0.08363128
8083,0.9220154
8084,0.08110599
8085,0.06020931
8086,0.072150916
8087,0.30954525
8088,0.8401383
8089,0.07011085
8090,0.39953285
8091,0.9414832
8092,0.12644897
8093,0.13506697
8094,0.027081644
8095,0.4236147
8096,0.03504242
8097,0.5818043
8098,0.1490119
8099,0.84431225
8100,0.92964894
8101,0.16624369
8102,0.047345165
8103,0.12131086
8104,0.018464914
8105,0.058162972
8106,0.30900437
8107,0.17605048
8108,0.068486646
8109,0.11327864
8110,0.61724
8111,0.7418496
8112,0.21089529
8113,0.109255366
8114,0.65428215
8115,0.029420175
8116,0.6983885
8117,0.069262356
8118,0.053957384
8119,0.24392398
8120,0.098138854
8121,0.7337741
8122,0.94763714
8123,0.0840501
8124,0.11445984
8125,0.32296476
8126,0.7124295
8127,0.14371186
8128,0.08582149
8129,0.05156207
8130,0.5376493
8131,0.7864863
8132,0.035107076
8133,0.08749575
8134,0.64529204
8135,0.3224265
8136,0.8245986
8137,0.5899674
8138,0.04551087
8139,0.048298072
8140,0.028953992
8141,0.7816908
8142,0.15646665
8143,0.09072021
8144,0.11584138
8145,0.14053339
8146,0.09059327
8147,0.12785415
8148,0.009595145
8149,0.8479616
8150,0.15534241
8151,0.025983194
8152,0.04568963
8153,0.6927755
8154,0.040930938
8155,0.31160694
8156,0.17685719
8157,0.049871936
8158,0.31770346
8159,0.01742533
8160,0.044362973
8161,0.016993456
8162,0.91198343
8163,0.68820626
8164,0.6765798
8165,0.58074194
8166,0.30505005
8167,0.17147627
8168,0.0749381
8169,0.0070456183
8170,0.15797734
8171,0.07588583
8172,0.8328199
8173,0.10839549
8174,0.095677145
8175,0.42321095
8176,0.22695859
8177,0.17436813
8178,0.14220028
8179,0.035510257
8180,0.84201777
8181,0.15412693
8182,0.03654055
8183,0.6978552
8184,0.226689
8185,0.28408822
8186,0.3691501
8187,0.26157328
8188,0.7781823
8189,0.45705846
8190,0.17477669
8191,0.043189928
8192,0.0811145
8193,0.051594928
8194,0.7999779
8195,0.13665453
8196,0.12723406
8197,0.04226909
8198,0.71680325
8199,0.8567983
8200,0.15816562
8201,0.11132595
8202,0.40294015
8203,0.08555031
8204,0.03790411
8205,0.043661494
8206,0.20746607
8207,0.42342508
8208,0.8613894
8209,0.7941645
8210,0.13745244
8211,0.07116739
8212,0.017244216
8213,0.9738271
8214,0.437194
8215,0.1657323
8216,0.3397353
8217,0.605646
8218,0.713723
8219,0.8839522
8220,0.85479283
8221,0.31325617
8222,0.59286195
8223,0.8993038
8224,0.7860979
8225,0.29197964
8226,0.14188772
8227,0.12658192
8228,0.035749286
8229,0.039278187
8230,0.1827264
8231,0.08428196
8232,0.6215468
8233,0.032048233
8234,0.92793
8235,0.16068502
8236,0.01454874
8237,0.47552827
8238,0.7324621
8239,0.52627075
8240,0.43254873
8241,0.60283077
8242,0.124865614
8243,0.6222137
8244,0.08731658
8245,0.3854131
8246,0.05049022
8247,0.65701526
8248,0.3502634
8249,0.080027886
8250,0.17126133
8251,0.14529832
8252,0.765566
8253,0.51688015
8254,0.0438439
8255,0.027620569
8256,0.33714998
8257,0.95114034
8258,0.080591336
8259,0.02868007
8260,0.08187135
8261,0.06710896
8262,0.27216297
8263,0.10492623
8264,0.88331383
8265,0.38800532
8266,0.04182692
8267,0.011905925
8268,0.69183064
8269,0.89741784
8270,0.76753694
8271,0.93931353
8272,0.48446912
8273,0.42589706
8274,0.47965512
8275,0.055065002
8276,0.65934163
8277,0.049257472
8278,0.01874608
8279,0.050547045
8280,0.8155177
8281,0.11436008
8282,0.3556691
8283,0.119170405
8284,0.18671092
8285,0.36967131
8286,0.022883564
8287,0.03227566
8288,0.8986129
8289,0.74396986
8290,0.10647689
8291,0.35078934
8292,0.44579858
8293,0.13422167
8294,0.09128024
8295,0.8351665
8296,0.16753286
8297,0.91167897
8298,0.32468745
8299,0.36694887
8300,0.60335124
8301,0.047692355
8302,0.9249148
8303,0.22186537
8304,0.9182948
8305,0.18971017
8306,0.069789
8307,0.119628295
8308,0.353871
8309,0.2096726
8310,0.045056175
8311,0.38173527
8312,0.54424727
8313,0.2579039
8314,0.09669371
8315,0.57577074
8316,0.5789771
8317,0.1789646
8318,0.58302665
8319,0.64892066
8320,0.063906394
8321,0.68749803
8322,0.17267129
8323,0.06460215
8324,0.51760226
8325,0.1982968
8326,0.12798105
8327,0.73697495
8328,0.14575574
8329,0.2600441
8330,0.7071963
8331,0.24146836
8332,0.4114466
8333,0.3026609
8334,0.09650055
8335,0.10543536
8336,0.08773423
8337,0.74949986
8338,0.68493474
8339,0.8031643
8340,0.53188264
8341,0.16615109
8342,0.05776375
8343,0.18176599
8344,0.17769709
8345,0.15851426
8346,0.65053487
8347,0.18110079
8348,0.5458842
8349,0.19318455
8350,0.91311425
8351,0.16849862
8352,0.09689605
8353,0.8684814
8354,0.027376108
8355,0.26818222
8356,0.032493908
8357,0.104156815
8358,0.7945589
8359,0.12064063
8360,0.41362843
8361,0.6481184
8362,0.6429617
8363,0.0940336
8364,0.7962676
8365,0.04190515
8366,0.8412885
8367,0.26741365
8368,0.58237034
8369,0.16816881
8370,0.18116315
8371,0.86553335
8372,0.78248537
8373,0.6672422
8374,0.22857966
8375,0.36151174
8376,0.11510387
8377,0.5540017
8378,0.15264262
8379,0.8953434
8380,0.48444736
8381,0.36418903
8382,0.77045465
8383,0.1701092
8384,0.35062113
8385,0.85934454
8386,0.8443919
8387,0.106269225
8388,0.06837686
8389,0.22311208
8390,0.08386586
8391,0.0329808
8392,0.5261319
8393,0.3339911
8394,0.098946095
8395,0.115883574
8396,0.09173735
8397,0.9497837
8398,0.16713382
8399,0.73104614
8400,0.069314174
8401,0.870441
8402,0.41607428
8403,0.527134
8404,0.16944993
8405,0.23628159
8406,0.121653356
8407,0.031531114
8408,0.06302116
8409,0.3105182
8410,0.18363193
8411,0.1803094
8412,0.105720446
8413,0.83463836
8414,0.02797851
8415,0.9324573
8416,0.12676354
8417,0.03213174
8418,0.28275934
8419,0.19674563
8420,0.57721305
8421,0.12976909
8422,0.8984281
8423,0.48186696
8424,0.07880589
8425,0.07791383
8426,0.65346855
8427,0.14279804
8428,0.32847792
8429,0.24274375
8430,0.4071441
8431,0.2364999
8432,0.15083343
8433,0.960719
8434,0.14970571
8435,0.0479214
8436,0.40765107
8437,0.04278202
8438,0.70731145
8439,0.1590443
8440,0.35752344
8441,0.042830143
8442,0.035670176
8443,0.36858958
8444,0.55599385
8445,0.13272658
8446,0.23812596
8447,0.581369
8448,0.028507715
8449,0.4347484
8450,0.10032482
8451,0.31121385
8452,0.025284104
8453,0.8458199
8454,0.05935772
8455,0.17230499
8456,0.8133144
8457,0.79499537
8458,0.81876254
8459,0.1185208
8460,0.44476625
8461,0.8614256
8462,0.112806216
8463,0.444465
8464,0.719686
8465,0.06082556
8466,0.89831823
8467,0.8612838
8468,0.7032673
8469,0.13033448
8470,0.058637746
8471,0.053744942
8472,0.073656894
8473,0.22065933
8474,0.79941547
8475,0.046333674
8476,0.17264783
8477,0.73499125
8478,0.19500262
8479,0.10727106
8480,0.8841106
8481,0.40207955
8482,0.8257654
8483,0.5732551
8484,0.17509332
8485,0.021668501
8486,0.011529627
8487,0.813604
8488,0.25916848
8489,0.7862148
8490,0.02959318
8491,0.6400683
8492,0.12386322
8493,0.12208726
8494,0.5351566
8495,0.9742857
8496,0.7337055
8497,0.03471864
8498,0.3739238
8499,0.12234909
8500,0.3887206
8501,0.18573464
8502,0.11777468
8503,0.116614975
8504,0.13258612
8505,0.38622093
8506,0.8965154
8507,0.9278159
8508,0.009743555
8509,0.50527626
8510,0.042926423
8511,0.91429657
8512,0.6261163
8513,0.029826177
8514,0.5505006
8515,0.8652257
8516,0.30906352
8517,0.8742581
8518,0.49045408
8519,0.028610747
8520,0.7464641
8521,0.30921677
8522,0.8038415
8523,0.5527832
8524,0.059913337
8525,0.10441022
8526,0.20678338
8527,0.38983846
8528,0.08788253
8529,0.11082695
8530,0.052539807
8531,0.37284228
8532,0.08398872
8533,0.0784215
8534,0.06890966
8535,0.49037614
8536,0.85719717
8537,0.28456262
8538,0.52931595
8539,0.13437371
8540,0.1648269
8541,0.71538043
8542,0.56573766
8543,0.46034008
8544,0.6958071
8545,0.70622534
8546,0.09501023
8547,0.75411135
8548,0.9154304
8549,0.9113339
8550,0.030809559
8551,0.21420997
8552,0.3864351
8553,0.9457813
8554,0.048822016
8555,0.898253
8556,0.8243568
8557,0.040861197
8558,0.36527827
8559,0.039850235
8560,0.95419914
8561,0.2816747
8562,0.11263558
8563,0.39986658
8564,0.0885568
8565,0.2189253
8566,0.4473054
8567,0.30873942
8568,0.46149898
8569,0.94359875
8570,0.56187207
8571,0.7475657
8572,0.030002154
8573,0.09702867
8574,0.1803062
8575,0.2509068
8576,0.04092658
8577,0.17575638
8578,0.9245613
8579,0.10908244
8580,0.4540087
8581,0.18382736
8582,0.9084601
8583,0.6888635
8584,0.9157278
8585,0.061782032
8586,0.12301287
8587,0.89731723
8588,0.062083665
8589,0.24013464
8590,0.20096835
8591,0.20538959
8592,0.69745606
8593,0.84941584
8594,0.27497622
8595,0.07915412
8596,0.13921411
8597,0.7504925
8598,0.5552958
8599,0.104109235
8600,0.7505705
8601,0.18555415
8602,0.9159755
8603,0.5781368
8604,0.6900673
8605,0.7525206
8606,0.5134584
8607,0.51397634
8608,0.44391122
8609,0.4207607
8610,0.08713082
8611,0.19379403
8612,0.1586601
8613,0.6118669
8614,0.7816071
8615,0.07627321
8616,0.6280378
8617,0.42241237
8618,0.09386064
8619,0.0488828
8620,0.8182681
8621,0.9343105
8622,0.71743304
8623,0.38319117
8624,0.90468866
8625,0.053510685
8626,0.061845087
8627,0.0392141
8628,0.030248381
8629,0.120259896
8630,0.59676665
8631,0.20994236
8632,0.48882008
8633,0.15009233
8634,0.89860606
8635,0.5300772
8636,0.22305363
8637,0.037782453
8638,0.12571673
8639,0.7326036
8640,0.6830501
8641,0.34535375
8642,0.43168622
8643,0.024196682
8644,0.20520902
8645,0.93415093
8646,0.073699296
8647,0.14031614
8648,0.07296951
8649,0.5409603
8650,0.5797424
8651,0.63874084
8652,0.2744209
8653,0.44071674
8654,0.55529517
8655,0.751009
8656,0.38171852
8657,0.3231471
8658,0.2426033
8659,0.9213709
8660,0.08978708
8661,0.026632493
8662,0.046805754
8663,0.36116135
8664,0.80848706
8665,0.510105
8666,0.4484051
8667,0.14632013
8668,0.10141978
8669,0.07980286
8670,0.37017304
8671,0.3955462
8672,0.40806472
8673,0.24414587
8674,0.1480706
8675,0.21439499
8676,0.52402383
8677,0.92425454
8678,0.08518282
8679,0.063007325
8680,0.091721006
8681,0.168984
8682,0.13449305
8683,0.05001732
8684,0.108358264
8685,0.8352185
8686,0.058930073
8687,0.05816536
8688,0.36394843
8689,0.03814682
8690,0.2721411
8691,0.8813799
8692,0.035570383
8693,0.2840771
8694,0.10533928
8695,0.36273828
8696,0.84513277
8697,0.047118004
8698,0.87268794
8699,0.6223038
8700,0.073025055
8701,0.32039595
8702,0.12558553
8703,0.1648169
8704,0.06963053
8705,0.5245961
8706,0.021318031
8707,0.14673512
8708,0.5711472
8709,0.71618015
8710,0.44407007
8711,0.105390705
8712,0.091568656
8713,0.04765633
8714,0.93590236
8715,0.045848187
8716,0.931531
8717,0.48350552
8718,0.084408626
8719,0.14438775
8720,0.5992442
8721,0.09128388
8722,0.83773804
8723,0.061406024
8724,0.93041617
8725,0.57370526
8726,0.04577254
8727,0.18766324
8728,0.018191846
8729,0.10212329
8730,0.17089206
8731,0.054058876
8732,0.09314562
8733,0.44897348
8734,0.1856864
8735,0.44981593
8736,0.109178446
8737,0.1414551
8738,0.06861219
8739,0.02414212
8740,0.21687771
8741,0.2423048
8742,0.42335653
8743,0.16229714
8744,0.13036744
8745,0.19751897
8746,0.9121338
8747,0.19460939
8748,0.4834138
8749,0.9439382
8750,0.7840947
8751,0.121389404
8752,0.32023507
8753,0.31658408
8754,0.13672225
8755,0.20241112
8756,0.11176382
8757,0.79618585
8758,0.2805814
8759,0.015221994
8760,0.04375026
8761,0.16036975
8762,0.06103978
8763,0.9600179
8764,0.13673882
8765,0.25323433
8766,0.53910685
8767,0.57094187
8768,0.21015556
8769,0.23521532
8770,0.7877018
8771,0.22376725
8772,0.050444435
8773,0.05132691
8774,0.215949
8775,0.19493535
8776,0.33851427
8777,0.020807328
8778,0.14603013
8779,0.07351633
8780,0.19582376
8781,0.86116666
8782,0.07811926
8783,0.39618757
8784,0.33900923
8785,0.9232314
8786,0.21576846
8787,0.08253737
8788,0.5991145
8789,0.13060965
8790,0.881012
8791,0.41525123
8792,0.39465454
8793,0.07016094
8794,0.15817459
8795,0.65633214
8796,0.16344903
8797,0.9240733
8798,0.5320697
8799,0.3275278
8800,0.12785621
8801,0.06479207
8802,0.12652971
8803,0.09125888
8804,0.47234803
8805,0.15667506
8806,0.0885134
8807,0.03951028
8808,0.48100656
8809,0.0172512
8810,0.51379234
8811,0.15003203
8812,0.54322517
8813,0.61060435
8814,0.25444534
8815,0.11235976
8816,0.18520863
8817,0.4507173
8818,0.46020547
8819,0.5699778
8820,0.20720068
8821,0.3593864
8822,0.026867187
8823,0.3525978
8824,0.46647292
8825,0.20386718
8826,0.10119943
8827,0.057543684
8828,0.8971141
8829,0.7123838
8830,0.56535715
8831,0.08799314
8832,0.635246
8833,0.20717531
8834,0.25187936
8835,0.026216043
8836,0.8821196
8837,0.72752166
8838,0.0734406
8839,0.903341
8840,0.18940255
8841,0.29228574
8842,0.056745447
8843,0.114160195
8844,0.8862407
8845,0.148122
8846,0.05547636
8847,0.15774754
8848,0.13568495
8849,0.5859036
8850,0.84318805
8851,0.15827928
8852,0.68613726
8853,0.83439445
8854,0.9300046
8855,0.070170745
8856,0.9232043
8857,0.6030213
8858,0.3687505
8859,0.51419014
8860,0.75586325
8861,0.19256875
8862,0.35365987
8863,0.78328604
8864,0.21360904
8865,0.8396559
8866,0.12059839
8867,0.78195465
8868,0.20265923
8869,0.68927795
8870,0.56990814
8871,0.5100456
8872,0.6140839
8873,0.09260392
8874,0.055830292
8875,0.17272621
8876,0.10512175
8877,0.26511204
8878,0.09867341
8879,0.12972318
8880,0.3268003
8881,0.03899221
8882,0.08303518
8883,0.9023186
8884,0.0736936
8885,0.056286108
8886,0.08932937
8887,0.08189488
8888,0.28515476
8889,0.46602592
8890,0.81168634
8891,0.604533
8892,0.27357122
8893,0.061368596
8894,0.27855414
8895,0.24926616
8896,0.42964724
8897,0.34427395
8898,0.21006288
8899,0.5895718
8900,0.8228724
8901,0.39438114
8902,0.04269061
8903,0.28281888
8904,0.52635723
8905,0.19341151
8906,0.08941526
8907,0.5078092
8908,0.7464029
8909,0.87148327
8910,0.101599716
8911,0.14496309
8912,0.8375389
8913,0.22633049
8914,0.20144421
8915,0.20040601
8916,0.06144701
8917,0.033967968
8918,0.09889907
8919,0.122194566
8920,0.8831354
8921,0.68025565
8922,0.12222664
8923,0.10978346
8924,0.08559736
8925,0.30911183
8926,0.1270519
8927,0.679162
8928,0.17894934
8929,0.18456377
8930,0.5635771
8931,0.066865936
8932,0.4498329
8933,0.13531472
8934,0.33976355
8935,0.34384868
8936,0.19397181
8937,0.45497862
8938,0.09173062
8939,0.15295728
8940,0.47075292
8941,0.16915469
8942,0.5219225
8943,0.28034848
8944,0.080192395
8945,0.313494
8946,0.5783791
8947,0.955809
8948,0.11495527
8949,0.06207564
8950,0.10558629
8951,0.44911274
8952,0.23804958
8953,0.08187648
8954,0.35883188
8955,0.8387772
8956,0.16787829
8957,0.82584125
8958,0.29220167
8959,0.24301219
8960,0.23700602
8961,0.9064707
8962,0.12789048
8963,0.7284006
8964,0.21590915
8965,0.8408158
8966,0.06576463
8967,0.57912844
8968,0.7264072
8969,0.051517785
8970,0.046160948
8971,0.90411913
8972,0.11663638
8973,0.13990912
8974,0.218509
8975,0.87895834
8976,0.036742244
8977,0.3884231
8978,0.16774106
8979,0.046224203
8980,0.106255494
8981,0.7294173
8982,0.5754879
8983,0.14416349
8984,0.41154018
8985,0.33098283
8986,0.16251418
8987,0.5766879
8988,0.032861665
8989,0.6591859
8990,0.17905383
8991,0.2571058
8992,0.06342866
8993,0.02142778
8994,0.8348719
8995,0.3798849
8996,0.037975706
8997,0.17461492
8998,0.5117575
8999,0.22794415
9000,0.26576
9001,0.3452584
9002,0.8283955
9003,0.7137133
9004,0.07369866
9005,0.4958873
9006,0.024854658
9007,0.072336376
9008,0.05148346
9009,0.31054252
9010,0.445257
9011,0.0828638
9012,0.07761255
9013,0.05460734
9014,0.53894496
9015,0.2436847
9016,0.14487444
9017,0.92351407
9018,0.7061623
9019,0.09121978
9020,0.028659519
9021,0.07417632
9022,0.12930793
9023,0.34369054
9024,0.7836813
9025,0.38977724
9026,0.18516146
9027,0.15881352
9028,0.09291212
9029,0.08673647
9030,0.16961099
9031,0.21157546
9032,0.34673956
9033,0.067208506
9034,0.3344445
9035,0.19677906
9036,0.88119555
9037,0.9115226
9038,0.25533596
9039,0.018838365
9040,0.14039168
9041,0.95071316
9042,0.13358223
9043,0.08476185
9044,0.25026685
9045,0.46999586
9046,0.37061796
9047,0.12573667
9048,0.041502923
9049,0.03647424
9050,0.9435597
9051,0.24964672
9052,0.14647207
9053,0.07132807
9054,0.24476267
9055,0.035802063
9056,0.3847619
9057,0.24343583
9058,0.06036528
9059,0.06256107
9060,0.15383537
9061,0.36934742
9062,0.021137763
9063,0.37078375
9064,0.2481987
9065,0.7958401
9066,0.41454515
9067,0.25879753
9068,0.31113908
9069,0.095384985
9070,0.96135986
9071,0.04289029
9072,0.81574565
9073,0.097399995
9074,0.46342602
9075,0.09604671
9076,0.06226478
9077,0.013890016
9078,0.1298657
9079,0.04205697
9080,0.18705198
9081,0.04526039
9082,0.20296475
9083,0.1421309
9084,0.16018538
9085,0.42850953
9086,0.22677118
9087,0.09049864
9088,0.70391315
9089,0.043718453
9090,0.79735994
9091,0.13675153
9092,0.7893299
9093,0.1445523
9094,0.088789016
9095,0.5254068
9096,0.834614
9097,0.15947142
9098,0.022345819
9099,0.5477823
9100,0.16117957
9101,0.86052585
9102,0.14413439
9103,0.3502357
9104,0.10197934
9105,0.78783596
9106,0.8931774
9107,0.10938379
9108,0.56549394
9109,0.42215693
9110,0.20293894
9111,0.6386312
9112,0.21742703
9113,0.44358513
9114,0.37255058
9115,0.14744553
9116,0.56422824
9117,0.07081496
9118,0.40075573
9119,0.26006886
9120,0.34587744
9121,0.13778876
9122,0.43033752
9123,0.3807668
9124,0.060404263
9125,0.06490084
9126,0.16778928
9127,0.5118306
9128,0.27420443
9129,0.6855968
9130,0.11906456
9131,0.65096295
9132,0.9449156
9133,0.06907939
9134,0.066013694
9135,0.67435294
9136,0.080091044
9137,0.13598542
9138,0.2444191
9139,0.068665884
9140,0.035330854
9141,0.43790153
9142,0.08887882
9143,0.3769513
9144,0.9144745
9145,0.26217267
9146,0.11810378
9147,0.03149132
9148,0.2742387
9149,0.2859642
9150,0.10636437
9151,0.55212563
9152,0.85181683
9153,0.28603464
9154,0.2100637
9155,0.021058988
9156,0.34100947
9157,0.10929213
9158,0.49848557
9159,0.052977536
9160,0.49768817
9161,0.065098606
9162,0.18640187
9163,0.14347917
9164,0.8133525
9165,0.57482064
9166,0.544384
9167,0.782709
9168,0.3312891
9169,0.3081775
9170,0.12878871
9171,0.39309824
9172,0.12352435
9173,0.047981862
9174,0.17335226
9175,0.85067445
9176,0.1267614
9177,0.30746764
9178,0.10177323
9179,0.8636232
9180,0.12446387
9181,0.023837851
9182,0.31383556
9183,0.09408467
9184,0.5671253
9185,0.41172495
9186,0.18370087
9187,0.0574428
9188,0.37908766
9189,0.11369226
9190,0.02426345
9191,0.15922853
9192,0.22350739
9193,0.07188697
9194,0.041547123
9195,0.5895674
9196,0.8101066
9197,0.041471314
9198,0.46910134
9199,0.50808537
9200,0.14550665
9201,0.114197135
9202,0.12150967
9203,0.22081888
9204,0.5629216
9205,0.03389472
9206,0.12414255
9207,0.08245675
9208,0.14593989
9209,0.17714147
9210,0.046061676
9211,0.057413958
9212,0.051272918
9213,0.11178839
9214,0.54108393
9215,0.0932934
9216,0.3608229
9217,0.154567
9218,0.16455452
9219,0.039814927
9220,0.59701806
9221,0.10392993
9222,0.124091014
9223,0.18731366
9224,0.15241346
9225,0.81601775
9226,0.05572794
9227,0.90604496
9228,0.13943231
9229,0.9042835
9230,0.56035805
9231,0.57893276
9232,0.18608703
9233,0.25876763
9234,0.8304666
9235,0.1318783
9236,0.4666779
9237,0.095792145
9238,0.092002764
9239,0.052798677
9240,0.3118138
9241,0.77925307
9242,0.32786202
9243,0.56771076
9244,0.0945393
9245,0.010702786
9246,0.23760994
9247,0.053724334
9248,0.64718837
9249,0.041689042
9250,0.09371085
9251,0.84613
9252,0.074976675
9253,0.19087045
9254,0.7223375
9255,0.056556534
9256,0.21732578
9257,0.8682996
9258,0.021677958
9259,0.043267086
9260,0.15463057
9261,0.83062625
9262,0.07957315
9263,0.3973416
9264,0.032907598
9265,0.12533304
9266,0.28436622
9267,0.34025016
9268,0.118316345
9269,0.90277106
9270,0.95092523
9271,0.027973091
9272,0.024526525
9273,0.23192038
9274,0.4036958
9275,0.7622842
9276,0.05016081
9277,0.10590988
9278,0.21266736
9279,0.47334507
9280,0.3880354
9281,0.64572436
9282,0.030205522
9283,0.18068765
9284,0.6432213
9285,0.013886646
9286,0.038102135
9287,0.026217997
9288,0.12491817
9289,0.15972377
9290,0.9014321
9291,0.6865571
9292,0.38230675
9293,0.19143714
9294,0.115416296
9295,0.19244191
9296,0.043323625
9297,0.06433132
9298,0.28862068
9299,0.13343495
9300,0.57907146
9301,0.4687011
9302,0.2592339
9303,0.36155263
9304,0.02738798
9305,0.04681747
9306,0.27463236
9307,0.5688387
9308,0.18807636
9309,0.028936462
9310,0.25996205
9311,0.5760974
9312,0.05622573
9313,0.19076827
9314,0.21487477
9315,0.060308047
9316,0.9285371
9317,0.5745642
9318,0.42311028
9319,0.08015
9320,0.24936222
9321,0.3161814
9322,0.066580035
9323,0.18083523
9324,0.08983713
9325,0.06481478
9326,0.6160711
9327,0.059131082
9328,0.09691259
9329,0.06538257
9330,0.74705696
9331,0.059099328
9332,0.70676494
9333,0.14180233
9334,0.063648574
9335,0.20921993
9336,0.87441367
9337,0.081112176
9338,0.5793245
9339,0.34118116
9340,0.097778246
9341,0.30875945
9342,0.37345177
9343,0.08545557
9344,0.10201582
9345,0.14385153
9346,0.056802854
9347,0.95341396
9348,0.9257528
9349,0.03601261
9350,0.47677034
9351,0.21540056
9352,0.052005433
9353,0.21207806
9354,0.5786437
9355,0.029113026
9356,0.16916902
9357,0.08083706
9358,0.42684746
9359,0.21830148
9360,0.5266677
9361,0.15778062
9362,0.12686016
9363,0.7395498
9364,0.9229554
9365,0.06789733
9366,0.019245168
9367,0.505221
9368,0.46379787
9369,0.67789257
9370,0.41303265
9371,0.51907194
9372,0.07691619
9373,0.022574177
9374,0.34712186
9375,0.39523107
9376,0.67279285
9377,0.94274825
9378,0.009076632
9379,0.0995772
9380,0.8993632
9381,0.07308452
9382,0.1812481
9383,0.5942922
9384,0.024220988
9385,0.69933367
9386,0.8652639
9387,0.7000769
9388,0.49632916
9389,0.16680807
9390,0.8749727
9391,0.42886588
9392,0.7050457
9393,0.034361497
9394,0.3772371
9395,0.20660432
9396,0.697064
9397,0.15496853
9398,0.73553514
9399,0.096435115
9400,0.9433519
9401,0.1394996
9402,0.2733523
9403,0.8150027
9404,0.19343834
9405,0.16217107
9406,0.47789055
9407,0.46527973
9408,0.12472464
9409,0.07983859
9410,0.089187205
9411,0.029910129
9412,0.2722142
9413,0.034179498
9414,0.35556537
9415,0.19038689
9416,0.32463542
9417,0.087282196
9418,0.04663451
9419,0.23948506
9420,0.14121349
9421,0.08915233
9422,0.87926745
9423,0.49158472
9424,0.14593785
9425,0.24848726
9426,0.045077756
9427,0.49018314
9428,0.23668557
9429,0.93789375
9430,0.56847906
9431,0.90436065
9432,0.3749797
9433,0.61210805
9434,0.0896443
9435,0.051305287
9436,0.3006683
9437,0.5459996
9438,0.09566995
9439,0.33280265
9440,0.80456865
9441,0.2436342
9442,0.27660426
9443,0.22900277
9444,0.093632855
9445,0.4126068
9446,0.0049751005
9447,0.06373333
9448,0.032498863
9449,0.4971694
9450,0.64492285
9451,0.21237692
9452,0.6016258
9453,0.01982879
9454,0.40653867
9455,0.84014285
9456,0.41439322
9457,0.295041
9458,0.17214829
9459,0.3945736
9460,0.57625467
9461,0.08360676
9462,0.78176147
9463,0.4305393
9464,0.079761416
9465,0.10830647
9466,0.36780965
9467,0.1571696
9468,0.1006
9469,0.80457604
9470,0.16735858
9471,0.4213862
9472,0.550719
9473,0.39709944
9474,0.48509842
9475,0.7022824
9476,0.1704745
9477,0.06420156
9478,0.030495428
9479,0.102559656
9480,0.54200655
9481,0.47301868
9482,0.83944833
9483,0.4323607
9484,0.7738301
9485,0.3077671
9486,0.7128608
9487,0.050283484
9488,0.86178
9489,0.57827216
9490,0.7291397
9491,0.07761119
9492,0.36800772
9493,0.2602142
9494,0.1440158
9495,0.12112802
9496,0.6337781
9497,0.16453668
9498,0.15109988
9499,0.2532222
9500,0.37560028
9501,0.3228885
9502,0.47037777
9503,0.19521958
9504,0.7158741
9505,0.3975477
